anio,id_provincia,grupo_etario_madre,cantidad_nacimientos,porcentaje_bajo_peso
2010,2,15 a 19,2877.0,6.88
2022,2,15 a 19,536.0,8.21
2010,2,20 a 24,7207.0,5.52
2022,2,20 a 24,2143.0,5.97
2010,2,25 a 29,9659.0,5.61
2022,2,25 a 29,3663.0,6.06
2010,2,30 a 34,13392.0,6.81
2022,2,30 a 34,6771.0,6.51
2010,2,35 a 39,8435.0,7.69
2022,2,35 a 39,6507.0,7.02
2010,2,40 a 44,1930.0,8.6
2022,2,40 a 44,2191.0,8.49
2010,2,De 45 y más,155.0,25.81
2022,2,De 45 y más,328.0,14.63
2010,2,Menor de 15,61.0,6.56
2022,2,Menor de 15,6.0,16.67
2010,6,15 a 19,35854.0,8.39
2022,6,15 a 19,12303.0,9.23
2010,6,20 a 24,68325.0,6.87
2022,6,20 a 24,32432.0,7.69
2010,6,25 a 29,62844.0,6.47
2022,6,25 a 29,38171.0,7.06
2010,6,30 a 34,58628.0,7.36
2022,6,30 a 34,36335.0,7.54
2010,6,35 a 39,32715.0,8.52
2022,6,35 a 39,24130.0,8.36
2010,6,40 a 44,8683.0,10.18
2022,6,40 a 44,7448.0,9.17
2010,6,De 45 y más,698.0,12.46
2022,6,De 45 y más,656.0,18.14
2010,6,Menor de 15,545.0,9.54
2022,6,Menor de 15,212.0,9.91
2010,10,15 a 19,1132.0,7.86
2022,10,15 a 19,397.0,6.55
2010,10,20 a 24,1547.0,5.88
2022,10,20 a 24,1129.0,4.87
2010,10,25 a 29,1379.0,4.64
2022,10,25 a 29,1290.0,7.29
2010,10,30 a 34,1190.0,5.88
2022,10,30 a 34,1060.0,7.08
2010,10,35 a 39,571.0,5.95
2022,10,35 a 39,590.0,7.8
2010,10,40 a 44,160.0,5.0
2022,10,40 a 44,187.0,12.3
2010,10,De 45 y más,10.0,10.0
2022,10,De 45 y más,8.0,25.0
2010,10,Menor de 15,45.0,17.78
2022,10,Menor de 15,13.0,15.38
2010,14,15 a 19,8314.0,8.03
2022,14,15 a 19,3418.0,8.46
2010,14,20 a 24,13185.0,6.8
2022,14,20 a 24,8693.0,7.24
2010,14,25 a 29,13583.0,5.82
2022,14,25 a 29,10471.0,6.9
2010,14,30 a 34,12680.0,6.54
2022,14,30 a 34,10160.0,6.92
2010,14,35 a 39,6221.0,8.52
2022,14,35 a 39,6586.0,8.26
2010,14,40 a 44,1432.0,9.85
2022,14,40 a 44,1829.0,8.09
2010,14,De 45 y más,64.0,17.19
2022,14,De 45 y más,149.0,12.75
2010,14,Menor de 15,167.0,11.38
2022,14,Menor de 15,51.0,11.76
2010,18,15 a 19,3315.0,9.02
2022,18,15 a 19,1236.0,9.06
2010,18,20 a 24,4645.0,7.28
2022,18,20 a 24,2489.0,5.87
2010,18,25 a 29,3987.0,6.37
2022,18,25 a 29,2852.0,7.08
2010,18,30 a 34,3106.0,7.57
2022,18,30 a 34,2495.0,8.02
2010,18,35 a 39,1653.0,8.95
2022,18,35 a 39,1376.0,9.01
2010,18,40 a 44,426.0,8.92
2022,18,40 a 44,422.0,10.9
2010,18,De 45 y más,38.0,10.53
2022,18,De 45 y más,20.0,10.0
2010,18,Menor de 15,123.0,13.01
2022,18,Menor de 15,42.0,19.05
2010,22,15 a 19,5079.0,8.31
2022,22,15 a 19,2325.0,8.99
2010,22,20 a 24,5467.0,6.05
2022,22,20 a 24,4295.0,7.22
2010,22,25 a 29,4515.0,5.36
2022,22,25 a 29,4515.0,8.19
2010,22,30 a 34,3379.0,6.45
2022,22,30 a 34,3580.0,8.27
2010,22,35 a 39,1526.0,7.14
2022,22,35 a 39,1948.0,9.5
2010,22,40 a 44,380.0,8.42
2022,22,40 a 44,521.0,10.56
2010,22,De 45 y más,27.0,7.41
2022,22,De 45 y más,25.0,12.0
2010,22,Menor de 15,229.0,10.92
2022,22,Menor de 15,90.0,8.89
2010,26,15 a 19,1515.0,5.81
2022,26,15 a 19,328.0,6.71
2010,26,20 a 24,2491.0,3.13
2022,26,20 a 24,1159.0,6.04
2010,26,25 a 29,2484.0,5.72
2022,26,25 a 29,1467.0,6.2
2010,26,30 a 34,2141.0,5.84
2022,26,30 a 34,1310.0,6.64
2010,26,35 a 39,937.0,8.75
2022,26,35 a 39,849.0,7.89
2010,26,40 a 44,232.0,8.62
2022,26,40 a 44,244.0,8.61
2010,26,De 45 y más,14.0,7.14
2022,26,De 45 y más,12.0,16.67
2010,26,Menor de 15,44.0,4.55
2010,30,15 a 19,4024.0,8.62
2022,30,15 a 19,1397.0,10.09
2010,30,20 a 24,5363.0,6.12
2022,30,20 a 24,3414.0,7.29
2010,30,25 a 29,5258.0,6.49
2022,30,25 a 29,3762.0,7.31
2010,30,30 a 34,4621.0,6.56
2022,30,30 a 34,3519.0,7.25
2010,30,35 a 39,2203.0,7.44
2022,30,35 a 39,2186.0,8.78
2010,30,40 a 44,506.0,9.68
2022,30,40 a 44,594.0,9.76
2010,30,De 45 y más,21.0,14.29
2022,30,De 45 y más,41.0,19.51
2010,30,Menor de 15,128.0,10.16
2022,30,Menor de 15,35.0,11.43
2010,34,15 a 19,2361.0,7.92
2022,34,15 a 19,953.0,7.24
2010,34,20 a 24,3120.0,5.87
2022,34,20 a 24,1759.0,7.79
2010,34,25 a 29,2437.0,6.69
2022,34,25 a 29,1716.0,8.16
2010,34,30 a 34,1907.0,7.39
2022,34,30 a 34,1119.0,8.13
2010,34,35 a 39,860.0,5.47
2022,34,35 a 39,582.0,7.39
2010,34,40 a 44,223.0,6.73
2022,34,40 a 44,200.0,7.5
2010,34,De 45 y más,27.0,7.41
2022,34,De 45 y más,13.0,23.08
2010,34,Menor de 15,156.0,7.05
2022,34,Menor de 15,66.0,10.61
2010,38,15 a 19,2345.0,7.04
2022,38,15 a 19,581.0,9.64
2010,38,20 a 24,3445.0,5.46
2022,38,20 a 24,1653.0,7.68
2010,38,25 a 29,3119.0,5.84
2022,38,25 a 29,2122.0,5.56
2010,38,30 a 34,2597.0,5.85
2022,38,30 a 34,1884.0,6.42
2010,38,35 a 39,1299.0,6.93
2022,38,35 a 39,1106.0,6.96
2010,38,40 a 44,375.0,7.2
2022,38,40 a 44,374.0,10.96
2010,38,De 45 y más,22.0,22.73
2022,38,De 45 y más,25.0,16.0
2010,38,Menor de 15,38.0,15.79
2022,38,Menor de 15,20.0,10.0
2010,42,15 a 19,921.0,6.84
2022,42,15 a 19,268.0,7.46
2010,42,20 a 24,1332.0,5.56
2022,42,20 a 24,745.0,8.99
2010,42,25 a 29,1263.0,4.91
2022,42,25 a 29,910.0,6.15
2010,42,30 a 34,1078.0,5.38
2022,42,30 a 34,880.0,5.8
2010,42,35 a 39,523.0,6.5
2022,42,35 a 39,493.0,7.91
2010,42,40 a 44,108.0,6.48
2022,42,40 a 44,154.0,11.04
2010,42,De 45 y más,12.0,16.67
2022,42,De 45 y más,9.0,11.11
2010,42,Menor de 15,29.0,10.34
2010,46,15 a 19,1055.0,6.26
2022,46,15 a 19,321.0,6.23
2010,46,20 a 24,1547.0,6.01
2022,46,20 a 24,905.0,7.62
2010,46,25 a 29,1351.0,5.63
2022,46,25 a 29,1317.0,7.44
2010,46,30 a 34,1122.0,5.61
2022,46,30 a 34,968.0,4.55
2010,46,35 a 39,560.0,5.89
2022,46,35 a 39,509.0,8.64
2010,46,40 a 44,135.0,10.37
2022,46,40 a 44,187.0,13.37
2022,46,De 45 y más,10.0,10.0
2010,46,Menor de 15,28.0,7.14
2010,50,15 a 19,5177.0,7.78
2022,50,15 a 19,1547.0,7.69
2010,50,20 a 24,8493.0,6.41
2022,50,20 a 24,4611.0,6.9
2010,50,25 a 29,8302.0,5.78
2022,50,25 a 29,5840.0,6.35
2010,50,30 a 34,7233.0,7.41
2022,50,30 a 34,5162.0,7.09
2010,50,35 a 39,3704.0,7.05
2022,50,35 a 39,3059.0,7.75
2010,50,40 a 44,846.0,10.17
2022,50,40 a 44,867.0,9.34
2010,50,De 45 y más,37.0,21.62
2022,50,De 45 y más,56.0,23.21
2010,50,Menor de 15,100.0,7.0
2022,50,Menor de 15,37.0,5.41
2010,54,15 a 19,4153.0,8.09
2022,54,15 a 19,2546.0,9.66
2010,54,20 a 24,5266.0,6.13
2022,54,20 a 24,4803.0,7.29
2010,54,25 a 29,4293.0,5.99
2022,54,25 a 29,4899.0,8.02
2010,54,30 a 34,3191.0,6.89
2022,54,30 a 34,3640.0,7.64
2010,54,35 a 39,1558.0,7.32
2022,54,35 a 39,1896.0,7.7
2010,54,40 a 44,437.0,10.07
2022,54,40 a 44,453.0,9.27
2010,54,De 45 y más,36.0,11.11
2022,54,De 45 y más,37.0,10.81
2010,54,Menor de 15,194.0,12.89
2022,54,Menor de 15,77.0,23.38
2010,58,15 a 19,1868.0,7.01
2022,58,15 a 19,454.0,3.96
2010,58,20 a 24,2995.0,5.14
2022,58,20 a 24,1556.0,5.59
2010,58,25 a 29,2986.0,6.4
2022,58,25 a 29,2020.0,4.9
2010,58,30 a 34,2534.0,5.92
2022,58,30 a 34,1942.0,5.92
2010,58,35 a 39,1294.0,7.96
2022,58,35 a 39,1149.0,7.66
2010,58,40 a 44,313.0,8.31
2022,58,40 a 44,291.0,6.87
2010,58,De 45 y más,18.0,22.22
2022,58,De 45 y más,18.0,16.67
2010,58,Menor de 15,61.0,8.2
2022,58,Menor de 15,6.0,16.67
2010,62,15 a 19,1969.0,7.16
2022,62,15 a 19,473.0,8.46
2010,62,20 a 24,3015.0,5.54
2022,62,20 a 24,1517.0,6.53
2010,62,25 a 29,2852.0,5.96
2022,62,25 a 29,1979.0,5.61
2010,62,30 a 34,2500.0,6.36
2022,62,30 a 34,1706.0,6.04
2010,62,35 a 39,1204.0,7.97
2022,62,35 a 39,1137.0,6.42
2010,62,40 a 44,251.0,9.56
2022,62,40 a 44,292.0,7.19
2010,62,De 45 y más,10.0,10.0
2022,62,De 45 y más,15.0,20.0
2010,62,Menor de 15,59.0,10.17
2022,62,Menor de 15,9.0,11.11
2010,66,15 a 19,4492.0,8.08
2022,66,15 a 19,2071.0,8.84
2010,66,20 a 24,6964.0,5.72
2022,66,20 a 24,4345.0,7.59
2010,66,25 a 29,6181.0,5.57
2022,66,25 a 29,4794.0,6.76
2010,66,30 a 34,4906.0,5.89
2022,66,30 a 34,3790.0,6.91
2010,66,35 a 39,2678.0,7.28
2022,66,35 a 39,2234.0,8.28
2010,66,40 a 44,754.0,7.43
2022,66,40 a 44,692.0,7.8
2010,66,De 45 y más,74.0,8.11
2022,66,De 45 y más,32.0,25.0
2010,66,Menor de 15,115.0,8.7
2022,66,Menor de 15,67.0,14.93
2010,70,15 a 19,2295.0,7.93
2022,70,15 a 19,1076.0,10.04
2010,70,20 a 24,3629.0,6.39
2022,70,20 a 24,2672.0,5.88
2010,70,25 a 29,3438.0,5.85
2022,70,25 a 29,2845.0,6.12
2010,70,30 a 34,2884.0,7.0
2022,70,30 a 34,2177.0,6.84
2010,70,35 a 39,1443.0,9.15
2022,70,35 a 39,1175.0,9.28
2010,70,40 a 44,332.0,6.63
2022,70,40 a 44,345.0,8.99
2010,70,De 45 y más,25.0,4.0
2022,70,De 45 y más,16.0,25.0
2010,70,Menor de 15,55.0,14.55
2010,74,15 a 19,1352.0,8.14
2022,74,15 a 19,443.0,7.0
2010,74,20 a 24,1862.0,5.26
2022,74,20 a 24,1315.0,8.14
2010,74,25 a 29,1759.0,6.42
2022,74,25 a 29,1447.0,6.5
2010,74,30 a 34,1475.0,8.14
2022,74,30 a 34,1154.0,4.85
2010,74,35 a 39,654.0,6.73
2022,74,35 a 39,644.0,8.7
2010,74,40 a 44,181.0,7.73
2022,74,40 a 44,202.0,6.93
2010,74,De 45 y más,9.0,11.11
2022,74,De 45 y más,10.0,30.0
2010,74,Menor de 15,33.0,9.09
2022,74,Menor de 15,11.0,9.09
2010,78,15 a 19,859.0,7.92
2022,78,15 a 19,247.0,3.64
2010,78,20 a 24,1541.0,5.32
2022,78,20 a 24,692.0,7.8
2010,78,25 a 29,1474.0,4.0
2022,78,25 a 29,989.0,3.84
2010,78,30 a 34,1087.0,5.8
2022,78,30 a 34,866.0,5.2
2010,78,35 a 39,540.0,4.81
2022,78,35 a 39,474.0,6.96
2010,78,40 a 44,117.0,9.4
2022,78,40 a 44,125.0,7.2
2022,78,De 45 y más,13.0,7.69
2010,78,Menor de 15,20.0,10.0
2022,78,Menor de 15,9.0,22.22
2010,82,15 a 19,8882.0,8.4
2022,82,15 a 19,3966.0,9.66
2010,82,20 a 24,11912.0,6.25
2022,82,20 a 24,8859.0,8.61
2010,82,25 a 29,12147.0,6.56
2022,82,25 a 29,9880.0,7.36
2010,82,30 a 34,12123.0,6.75
2022,82,30 a 34,9692.0,7.89
2010,82,35 a 39,5677.0,7.73
2022,82,35 a 39,6177.0,8.45
2010,82,40 a 44,1171.0,9.14
2022,82,40 a 44,1866.0,10.61
2010,82,De 45 y más,75.0,6.67
2022,82,De 45 y más,171.0,10.53
2010,82,Menor de 15,359.0,10.86
2022,82,Menor de 15,90.0,10.0
2010,86,15 a 19,3439.0,7.91
2022,86,15 a 19,1144.0,8.48
2010,86,20 a 24,4555.0,4.87
2022,86,20 a 24,2933.0,7.71
2010,86,25 a 29,3981.0,5.2
2022,86,25 a 29,3106.0,6.92
2010,86,30 a 34,3054.0,6.16
2022,86,30 a 34,2433.0,8.63
2010,86,35 a 39,1518.0,7.44
2022,86,35 a 39,1374.0,8.22
2010,86,40 a 44,334.0,8.38
2022,86,40 a 44,424.0,12.03
2010,86,De 45 y más,27.0,14.81
2010,86,Menor de 15,126.0,11.11
2022,86,Menor de 15,34.0,8.82
2010,90,15 a 19,4954.0,8.84
2022,90,15 a 19,1686.0,9.49
2010,90,20 a 24,7431.0,6.81
2022,90,20 a 24,4811.0,8.73
2010,90,25 a 29,6880.0,6.41
2022,90,25 a 29,5604.0,7.67
2010,90,30 a 34,6280.0,7.07
2022,90,30 a 34,4533.0,7.92
2010,90,35 a 39,2832.0,8.83
2022,90,35 a 39,2572.0,9.25
2010,90,40 a 44,685.0,9.64
2022,90,40 a 44,810.0,10.99
2010,90,De 45 y más,32.0,15.63
2022,90,De 45 y más,54.0,14.81
2010,90,Menor de 15,122.0,9.84
2022,90,Menor de 15,38.0,18.42
2010,94,15 a 19,309.0,5.5
2022,94,15 a 19,71.0,8.45
2010,94,20 a 24,607.0,5.44
2022,94,20 a 24,243.0,10.7
2010,94,25 a 29,638.0,5.17
2022,94,25 a 29,414.0,4.83
2010,94,30 a 34,594.0,4.88
2022,94,30 a 34,437.0,4.58
2010,94,35 a 39,230.0,7.39
2022,94,35 a 39,281.0,6.05
2010,94,40 a 44,63.0,9.52
2022,94,40 a 44,46.0,8.7
2010,94,De 45 y más,2.0,50.0
