provincia,grupo_etario,Habitantes_con_cobertura_en_2010,Habitantes_sin_cobertura_en_2010,Habitantes_con_cobertura_en_2022,Habitantes_sin_cobertura_en_2022
BUENOS AIRES,0 a 4,728838.0,564107.0,567542.0,485864.0
BUENOS AIRES,10 a 14,743617.0,549532.0,832787.0,574264.0
BUENOS AIRES,100 y más,1128.0,147.0,1894.0,147.0
BUENOS AIRES,15 a 19,719772.0,600729.0,807872.0,559666.0
BUENOS AIRES,20 a 24,659386.0,621621.0,619307.0,674055.0
BUENOS AIRES,25 a 29,703805.0,493295.0,649639.0,647139.0
BUENOS AIRES,30 a 34,767085.0,430341.0,755564.0,537349.0
BUENOS AIRES,35 a 39,700578.0,363595.0,793510.0,448166.0
BUENOS AIRES,40 a 44,614430.0,316892.0,845582.0,421623.0
BUENOS AIRES,45 a 49,575846.0,295320.0,760111.0,358198.0
BUENOS AIRES,5 a 9,758052.0,529429.0,783213.0,585000.0
BUENOS AIRES,50 a 54,532576.0,279374.0,666782.0,305116.0
BUENOS AIRES,55 a 59,495183.0,245894.0,590335.0,258519.0
BUENOS AIRES,60 a 64,508134.0,152006.0,598736.0,167102.0
BUENOS AIRES,65 a 69,487124.0,39346.0,619520.0,49224.0
BUENOS AIRES,70 a 74,399497.0,14822.0,540786.0,15949.0
BUENOS AIRES,75 a 79,315208.0,10745.0,398091.0,9617.0
BUENOS AIRES,80 a 84,225256.0,5557.0,250512.0,5759.0
BUENOS AIRES,85 a 89,120739.0,2330.0,137867.0,3603.0
BUENOS AIRES,90 a 94,38365.0,992.0,59683.0,2911.0
BUENOS AIRES,95 a 99,8326.0,303.0,15396.0,2073.0
CABA,0 a 4,125134.0,41574.0,99337.0,24473.0
CABA,10 a 14,113842.0,35736.0,136709.0,33990.0
CABA,100 y más,529.0,14.0,702.0,20.0
CABA,15 a 19,124769.0,42845.0,143911.0,37820.0
CABA,20 a 24,164668.0,63348.0,153712.0,58812.0
CABA,25 a 29,187810.0,59444.0,171749.0,60154.0
CABA,30 a 34,201296.0,47861.0,200582.0,50997.0
CABA,35 a 39,176015.0,39590.0,200243.0,42094.0
CABA,40 a 44,147712.0,32788.0,196201.0,37238.0
CABA,45 a 49,142435.0,28820.0,184489.0,33712.0
CABA,5 a 9,120462.0,35391.0,132245.0,33122.0
CABA,50 a 54,143034.0,28079.0,143257.0,29940.0
CABA,55 a 59,131919.0,24186.0,145619.0,26157.0
CABA,60 a 64,138213.0,16628.0,144539.0,19413.0
CABA,65 a 69,120785.0,6682.0,139574.0,8589.0
CABA,70 a 74,103469.0,2922.0,128114.0,3682.0
CABA,75 a 79,91563.0,1738.0,106159.0,2183.0
CABA,80 a 84,76758.0,1106.0,72145.0,1175.0
CABA,85 a 89,47165.0,724.0,44416.0,727.0
CABA,90 a 94,16664.0,213.0,22733.0,410.0
CABA,95 a 99,3874.0,107.0,6053.0,206.0
CATAMARCA,0 a 4,16855.0,15802.0,12860.0,14515.0
CATAMARCA,10 a 14,22708.0,16191.0,20148.0,14282.0
CATAMARCA,100 y más,36.0,2.0,35.0,7.0
CATAMARCA,15 a 19,22335.0,14906.0,20547.0,14807.0
CATAMARCA,20 a 24,11343.0,17916.0,11451.0,25156.0
CATAMARCA,25 a 29,13025.0,14881.0,13132.0,23488.0
CATAMARCA,30 a 34,16282.0,12416.0,16294.0,16534.0
CATAMARCA,35 a 39,15467.0,8836.0,18174.0,12673.0
CATAMARCA,40 a 44,13417.0,6555.0,19980.0,11297.0
CATAMARCA,45 a 49,13111.0,4809.0,17980.0,8819.0
CATAMARCA,5 a 9,19275.0,16092.0,18029.0,15369.0
CATAMARCA,50 a 54,11828.0,5211.0,15544.0,6562.0
CATAMARCA,55 a 59,10240.0,4193.0,14100.0,5042.0
CATAMARCA,60 a 64,9931.0,2731.0,13952.0,3333.0
CATAMARCA,65 a 69,8562.0,917.0,13784.0,1105.0
CATAMARCA,70 a 74,6398.0,445.0,11202.0,349.0
CATAMARCA,75 a 79,5281.0,372.0,7389.0,190.0
CATAMARCA,80 a 84,3505.0,191.0,4600.0,132.0
CATAMARCA,85 a 89,1708.0,89.0,2531.0,87.0
CATAMARCA,90 a 94,673.0,43.0,1077.0,36.0
CATAMARCA,95 a 99,103.0,6.0,279.0,16.0
CHACO,0 a 4,28383.0,66993.0,27742.0,54417.0
CHACO,10 a 14,39735.0,78065.0,37850.0,56039.0
CHACO,100 y más,47.0,2.0,75.0,27.0
CHACO,15 a 19,38252.0,76347.0,35613.0,59264.0
CHACO,20 a 24,25697.0,64099.0,27120.0,69262.0
CHACO,25 a 29,26937.0,54180.0,30715.0,66850.0
CHACO,30 a 34,31123.0,45787.0,38399.0,51223.0
CHACO,35 a 39,28540.0,34868.0,40311.0,41740.0
CHACO,40 a 44,27366.0,28906.0,40541.0,37410.0
CHACO,45 a 49,27591.0,25933.0,34555.0,29190.0
CHACO,5 a 9,34037.0,72766.0,37096.0,59663.0
CHACO,50 a 54,25737.0,24147.0,31367.0,22746.0
CHACO,55 a 59,23608.0,19469.0,30833.0,19281.0
CHACO,60 a 64,20907.0,10897.0,31560.0,12747.0
CHACO,65 a 69,21364.0,3656.0,32560.0,4334.0
CHACO,70 a 74,17620.0,1842.0,24814.0,1354.0
CHACO,75 a 79,12605.0,1388.0,16251.0,683.0
CHACO,80 a 84,8357.0,558.0,10217.0,375.0
CHACO,85 a 89,3674.0,341.0,5097.0,229.0
CHACO,90 a 94,1345.0,108.0,2052.0,185.0
CHACO,95 a 99,281.0,15.0,459.0,138.0
CHUBUT,0 a 4,32105.0,12909.0,24411.0,11662.0
CHUBUT,10 a 14,32914.0,13028.0,35439.0,13091.0
CHUBUT,100 y más,17.0,1.0,47.0,1.0
CHUBUT,15 a 19,31359.0,12915.0,31571.0,13029.0
CHUBUT,20 a 24,24615.0,17544.0,21368.0,20790.0
CHUBUT,25 a 29,28991.0,14142.0,24839.0,21303.0
CHUBUT,30 a 34,32058.0,12036.0,31379.0,16102.0
CHUBUT,35 a 39,26989.0,9494.0,34166.0,13036.0
CHUBUT,40 a 44,22342.0,7353.0,35405.0,11578.0
CHUBUT,45 a 49,22635.0,5961.0,30114.0,9257.0
CHUBUT,5 a 9,32343.0,11696.0,33769.0,13813.0
CHUBUT,50 a 54,18886.0,6620.0,23702.0,6771.0
CHUBUT,55 a 59,16325.0,5606.0,21575.0,6515.0
CHUBUT,60 a 64,14036.0,3700.0,20318.0,3894.0
CHUBUT,65 a 69,11525.0,1428.0,19146.0,1198.0
CHUBUT,70 a 74,8789.0,755.0,15086.0,460.0
CHUBUT,75 a 79,6427.0,414.0,10199.0,284.0
CHUBUT,80 a 84,4261.0,255.0,6043.0,192.0
CHUBUT,85 a 89,2159.0,222.0,3445.0,107.0
CHUBUT,90 a 94,686.0,86.0,1373.0,87.0
CHUBUT,95 a 99,148.0,44.0,398.0,76.0
CORRIENTES,0 a 4,40817.0,46847.0,44114.0,43348.0
CORRIENTES,10 a 14,47426.0,58026.0,53931.0,47888.0
CORRIENTES,100 y más,66.0,33.0,99.0,7.0
CORRIENTES,15 a 19,46813.0,58276.0,49312.0,53074.0
CORRIENTES,20 a 24,31531.0,52925.0,36571.0,68141.0
CORRIENTES,25 a 29,30479.0,43437.0,37688.0,62922.0
CORRIENTES,30 a 34,33177.0,36263.0,46061.0,47736.0
CORRIENTES,35 a 39,29362.0,29613.0,45804.0,36669.0
CORRIENTES,40 a 44,29270.0,24622.0,46704.0,34355.0
CORRIENTES,45 a 49,30644.0,21732.0,39803.0,27348.0
CORRIENTES,5 a 9,44146.0,53475.0,53804.0,48497.0
CORRIENTES,50 a 54,27815.0,19943.0,37149.0,22165.0
CORRIENTES,55 a 59,24781.0,17934.0,37498.0,18450.0
CORRIENTES,60 a 64,23449.0,10747.0,37593.0,11678.0
CORRIENTES,65 a 69,23683.0,2750.0,39149.0,3719.0
CORRIENTES,70 a 74,18723.0,1131.0,30849.0,1265.0
CORRIENTES,75 a 79,12318.0,970.0,20880.0,896.0
CORRIENTES,80 a 84,8912.0,522.0,12829.0,488.0
CORRIENTES,85 a 89,4519.0,232.0,6716.0,302.0
CORRIENTES,90 a 94,1577.0,123.0,2727.0,273.0
CORRIENTES,95 a 99,397.0,21.0,759.0,130.0
CÓRDOBA,0 a 4,157713.0,100637.0,131265.0,102172.0
CÓRDOBA,10 a 14,152121.0,113483.0,169490.0,118332.0
CÓRDOBA,100 y más,225.0,4.0,392.0,24.0
CÓRDOBA,15 a 19,162584.0,109716.0,172682.0,122257.0
CÓRDOBA,20 a 24,156827.0,116264.0,162656.0,144375.0
CÓRDOBA,25 a 29,161585.0,99505.0,157966.0,137742.0
CÓRDOBA,30 a 34,167819.0,87190.0,167864.0,114942.0
CÓRDOBA,35 a 39,144059.0,71475.0,172692.0,98006.0
CÓRDOBA,40 a 44,123960.0,63402.0,185718.0,95027.0
CÓRDOBA,45 a 49,124649.0,60704.0,159785.0,78031.0
CÓRDOBA,5 a 9,159887.0,106307.0,165785.0,119566.0
CÓRDOBA,50 a 54,112783.0,54653.0,138399.0,66448.0
CÓRDOBA,55 a 59,110066.0,47739.0,130621.0,56114.0
CÓRDOBA,60 a 64,109537.0,28232.0,135332.0,33991.0
CÓRDOBA,65 a 69,109741.0,7133.0,140572.0,8642.0
CÓRDOBA,70 a 74,89282.0,2869.0,123959.0,2604.0
CÓRDOBA,75 a 79,69835.0,2470.0,90266.0,1558.0
CÓRDOBA,80 a 84,49472.0,1365.0,57197.0,950.0
CÓRDOBA,85 a 89,25395.0,578.0,30466.0,605.0
CÓRDOBA,90 a 94,8880.0,279.0,12324.0,592.0
CÓRDOBA,95 a 99,1778.0,56.0,3055.0,395.0
ENTRE RÍOS,0 a 4,56583.0,43384.0,48787.0,41560.0
ENTRE RÍOS,10 a 14,65857.0,50714.0,65862.0,44765.0
ENTRE RÍOS,100 y más,84.0,10.0,156.0,6.0
ENTRE RÍOS,15 a 19,62310.0,49714.0,63916.0,46481.0
ENTRE RÍOS,20 a 24,48977.0,48379.0,47343.0,62005.0
ENTRE RÍOS,25 a 29,51647.0,41305.0,48642.0,60068.0
ENTRE RÍOS,30 a 34,56605.0,34368.0,61360.0,44740.0
ENTRE RÍOS,35 a 39,51925.0,28385.0,64170.0,36452.0
ENTRE RÍOS,40 a 44,46541.0,22977.0,67621.0,33375.0
ENTRE RÍOS,45 a 49,47330.0,22205.0,59060.0,27429.0
ENTRE RÍOS,5 a 9,61632.0,47155.0,64977.0,48754.0
ENTRE RÍOS,50 a 54,43391.0,19319.0,52758.0,22267.0
ENTRE RÍOS,55 a 59,40338.0,16974.0,51457.0,18947.0
ENTRE RÍOS,60 a 64,40028.0,10762.0,50536.0,11769.0
ENTRE RÍOS,65 a 69,37898.0,2706.0,51666.0,3392.0
ENTRE RÍOS,70 a 74,31912.0,1220.0,44012.0,1072.0
ENTRE RÍOS,75 a 79,23659.0,793.0,31170.0,469.0
ENTRE RÍOS,80 a 84,16006.0,607.0,20051.0,266.0
ENTRE RÍOS,85 a 89,7573.0,265.0,10639.0,191.0
ENTRE RÍOS,90 a 94,2864.0,94.0,4279.0,141.0
ENTRE RÍOS,95 a 99,660.0,26.0,1013.0,57.0
FORMOSA,0 a 4,15116.0,34315.0,13824.0,30503.0
FORMOSA,10 a 14,21585.0,40333.0,17166.0,34743.0
FORMOSA,100 y más,9.0,4.0,27.0,4.0
FORMOSA,15 a 19,22428.0,37196.0,17962.0,34207.0
FORMOSA,20 a 24,11840.0,29899.0,10251.0,38794.0
FORMOSA,25 a 29,12281.0,24772.0,14710.0,36758.0
FORMOSA,30 a 34,13538.0,22276.0,17883.0,27830.0
FORMOSA,35 a 39,13640.0,17770.0,17491.0,22866.0
FORMOSA,40 a 44,14501.0,13923.0,19106.0,21148.0
FORMOSA,45 a 49,14862.0,11331.0,16840.0,17018.0
FORMOSA,5 a 9,18441.0,37273.0,18786.0,35850.0
FORMOSA,50 a 54,14572.0,11027.0,15038.0,13174.0
FORMOSA,55 a 59,12179.0,8999.0,16953.0,11137.0
FORMOSA,60 a 64,10150.0,6030.0,16401.0,7679.0
FORMOSA,65 a 69,9566.0,2390.0,16838.0,3625.0
FORMOSA,70 a 74,8771.0,1256.0,13609.0,1473.0
FORMOSA,75 a 79,6282.0,905.0,9059.0,771.0
FORMOSA,80 a 84,3092.0,486.0,5460.0,339.0
FORMOSA,85 a 89,1479.0,303.0,2896.0,217.0
FORMOSA,90 a 94,581.0,162.0,1155.0,118.0
FORMOSA,95 a 99,120.0,21.0,299.0,38.0
JUJUY,0 a 4,29603.0,30663.0,22470.0,28992.0
JUJUY,10 a 14,37575.0,33513.0,37704.0,31784.0
JUJUY,100 y más,27.0,9.0,38.0,6.0
JUJUY,15 a 19,38394.0,32602.0,33954.0,31806.0
JUJUY,20 a 24,19449.0,34918.0,20564.0,44967.0
JUJUY,25 a 29,21432.0,32653.0,21639.0,45698.0
JUJUY,30 a 34,25054.0,28687.0,26230.0,34382.0
JUJUY,35 a 39,24120.0,20785.0,30354.0,28825.0
JUJUY,40 a 44,21291.0,15191.0,33797.0,27155.0
JUJUY,45 a 49,21008.0,12547.0,29593.0,21557.0
JUJUY,5 a 9,33643.0,30744.0,34413.0,33945.0
JUJUY,50 a 54,19282.0,11070.0,24805.0,16338.0
JUJUY,55 a 59,16772.0,9407.0,22932.0,12740.0
JUJUY,60 a 64,15883.0,6532.0,22557.0,9032.0
JUJUY,65 a 69,14689.0,2215.0,23968.0,3811.0
JUJUY,70 a 74,11608.0,1326.0,19796.0,1355.0
JUJUY,75 a 79,8124.0,981.0,13883.0,782.0
JUJUY,80 a 84,4751.0,584.0,8806.0,402.0
JUJUY,85 a 89,2285.0,286.0,4377.0,275.0
JUJUY,90 a 94,604.0,67.0,1731.0,158.0
JUJUY,95 a 99,134.0,25.0,426.0,99.0
LA PAMPA,0 a 4,15142.0,10384.0,12387.0,8872.0
LA PAMPA,10 a 14,16765.0,10679.0,17158.0,10891.0
LA PAMPA,100 y más,12.0,2.0,15.0,1.0
LA PAMPA,15 a 19,16831.0,10791.0,16480.0,10549.0
LA PAMPA,20 a 24,12690.0,11220.0,11913.0,12379.0
LA PAMPA,25 a 29,13424.0,10007.0,13776.0,12710.0
LA PAMPA,30 a 34,15273.0,8124.0,16637.0,10960.0
LA PAMPA,35 a 39,14068.0,6691.0,17715.0,8748.0
LA PAMPA,40 a 44,13254.0,5863.0,18145.0,7949.0
LA PAMPA,45 a 49,12944.0,5680.0,16212.0,6469.0
LA PAMPA,5 a 9,16070.0,9977.0,16904.0,10326.0
LA PAMPA,50 a 54,11956.0,4769.0,14420.0,5389.0
LA PAMPA,55 a 59,10566.0,4681.0,13606.0,4869.0
LA PAMPA,60 a 64,11289.0,2686.0,13498.0,2745.0
LA PAMPA,65 a 69,10900.0,583.0,13792.0,810.0
LA PAMPA,70 a 74,8892.0,259.0,11818.0,170.0
LA PAMPA,75 a 79,6572.0,125.0,8847.0,76.0
LA PAMPA,80 a 84,4614.0,106.0,5752.0,41.0
LA PAMPA,85 a 89,2489.0,65.0,2889.0,17.0
LA PAMPA,90 a 94,875.0,12.0,1155.0,12.0
LA PAMPA,95 a 99,194.0,2.0,214.0,2.0
LA RIOJA,0 a 4,14175.0,13979.0,10692.0,12887.0
LA RIOJA,10 a 14,19612.0,13486.0,15677.0,13264.0
LA RIOJA,100 y más,70.0,12.0,26.0,4.0
LA RIOJA,15 a 19,21699.0,13870.0,18126.0,14121.0
LA RIOJA,20 a 24,13565.0,15754.0,13326.0,20171.0
LA RIOJA,25 a 29,12877.0,13996.0,13499.0,22025.0
LA RIOJA,30 a 34,15282.0,12259.0,14719.0,15905.0
LA RIOJA,35 a 39,13458.0,8173.0,15456.0,11801.0
LA RIOJA,40 a 44,12652.0,5957.0,17618.0,10648.0
LA RIOJA,45 a 49,12429.0,4599.0,15402.0,8072.0
LA RIOJA,5 a 9,16908.0,13813.0,15462.0,14943.0
LA RIOJA,50 a 54,11681.0,4111.0,13645.0,5773.0
LA RIOJA,55 a 59,10146.0,3360.0,12783.0,4392.0
LA RIOJA,60 a 64,8294.0,2214.0,12039.0,3036.0
LA RIOJA,65 a 69,7152.0,725.0,11488.0,979.0
LA RIOJA,70 a 74,5159.0,350.0,8913.0,321.0
LA RIOJA,75 a 79,4182.0,286.0,5353.0,187.0
LA RIOJA,80 a 84,2904.0,168.0,3511.0,100.0
LA RIOJA,85 a 89,1508.0,72.0,1767.0,49.0
LA RIOJA,90 a 94,470.0,28.0,794.0,46.0
LA RIOJA,95 a 99,115.0,7.0,194.0,23.0
MENDOZA,0 a 4,85750.0,67830.0,67080.0,63844.0
MENDOZA,10 a 14,84943.0,65111.0,94098.0,73683.0
MENDOZA,100 y más,47.0,12.0,127.0,20.0
MENDOZA,15 a 19,86352.0,72411.0,87148.0,67758.0
MENDOZA,20 a 24,72098.0,76504.0,66006.0,85653.0
MENDOZA,25 a 29,74145.0,59348.0,71069.0,85764.0
MENDOZA,30 a 34,81485.0,50543.0,84015.0,69105.0
MENDOZA,35 a 39,72320.0,40156.0,77661.0,55318.0
MENDOZA,40 a 44,62105.0,33405.0,90887.0,51408.0
MENDOZA,45 a 49,58942.0,31786.0,80909.0,42910.0
MENDOZA,5 a 9,81988.0,60248.0,90902.0,79354.0
MENDOZA,50 a 54,54956.0,30247.0,70098.0,35436.0
MENDOZA,55 a 59,53609.0,28643.0,62770.0,30293.0
MENDOZA,60 a 64,56179.0,17192.0,67537.0,19558.0
MENDOZA,65 a 69,53139.0,4414.0,74263.0,5807.0
MENDOZA,70 a 74,42624.0,1593.0,65818.0,1884.0
MENDOZA,75 a 79,33880.0,1123.0,47483.0,1117.0
MENDOZA,80 a 84,23989.0,659.0,28850.0,606.0
MENDOZA,85 a 89,11738.0,291.0,15232.0,389.0
MENDOZA,90 a 94,3577.0,114.0,6323.0,270.0
MENDOZA,95 a 99,716.0,18.0,1457.0,164.0
MISIONES,0 a 4,57446.0,55837.0,43446.0,58906.0
MISIONES,10 a 14,65459.0,62919.0,57080.0,61890.0
MISIONES,100 y más,29.0,38.0,62.0,13.0
MISIONES,15 a 19,60966.0,59014.0,50437.0,59044.0
MISIONES,20 a 24,39896.0,51097.0,38338.0,69459.0
MISIONES,25 a 29,41243.0,40480.0,42346.0,56574.0
MISIONES,30 a 34,44430.0,32540.0,45640.0,48921.0
MISIONES,35 a 39,39469.0,26493.0,50004.0,39322.0
MISIONES,40 a 44,34893.0,22040.0,47391.0,35219.0
MISIONES,45 a 49,35518.0,20985.0,41061.0,25649.0
MISIONES,5 a 9,59328.0,57634.0,49867.0,64969.0
MISIONES,50 a 54,30852.0,18549.0,36417.0,23045.0
MISIONES,55 a 59,26090.0,15101.0,35244.0,18419.0
MISIONES,60 a 64,22518.0,9406.0,35130.0,13721.0
MISIONES,65 a 69,20653.0,3076.0,35051.0,4571.0
MISIONES,70 a 74,17194.0,1600.0,26434.0,1300.0
MISIONES,75 a 79,10314.0,1146.0,17441.0,654.0
MISIONES,80 a 84,7729.0,738.0,10580.0,421.0
MISIONES,85 a 89,3327.0,284.0,5369.0,258.0
MISIONES,90 a 94,1086.0,169.0,1993.0,209.0
MISIONES,95 a 99,241.0,55.0,483.0,90.0
NEUQUÉN,0 a 4,30275.0,20000.0,27088.0,16066.0
NEUQUÉN,10 a 14,32176.0,17578.0,40324.0,18505.0
NEUQUÉN,100 y más,13.0,14.0,48.0,4.0
NEUQUÉN,15 a 19,32175.0,20249.0,34349.0,17468.0
NEUQUÉN,20 a 24,22567.0,23870.0,25543.0,25504.0
NEUQUÉN,25 a 29,26957.0,18363.0,31235.0,26649.0
NEUQUÉN,30 a 34,30856.0,15388.0,39736.0,21972.0
NEUQUÉN,35 a 39,28063.0,12779.0,38979.0,16994.0
NEUQUÉN,40 a 44,23335.0,10302.0,39279.0,15884.0
NEUQUÉN,45 a 49,22695.0,9700.0,33565.0,13345.0
NEUQUÉN,5 a 9,29062.0,14852.0,37781.0,19870.0
NEUQUÉN,50 a 54,18911.0,8962.0,28048.0,10969.0
NEUQUÉN,55 a 59,15907.0,7702.0,24557.0,9436.0
NEUQUÉN,60 a 64,13567.0,5004.0,22302.0,6453.0
NEUQUÉN,65 a 69,10301.0,1785.0,21526.0,2449.0
NEUQUÉN,70 a 74,8434.0,914.0,17045.0,773.0
NEUQUÉN,75 a 79,6138.0,607.0,11398.0,411.0
NEUQUÉN,80 a 84,3666.0,259.0,6595.0,169.0
NEUQUÉN,85 a 89,1920.0,120.0,3423.0,99.0
NEUQUÉN,90 a 94,658.0,79.0,1360.0,101.0
NEUQUÉN,95 a 99,147.0,22.0,385.0,27.0
RÍO NEGRO,0 a 4,32718.0,20860.0,25998.0,19112.0
RÍO NEGRO,10 a 14,37516.0,18944.0,38676.0,21291.0
RÍO NEGRO,100 y más,18.0,2.0,83.0,10.0
RÍO NEGRO,15 a 19,36396.0,23393.0,34484.0,20845.0
RÍO NEGRO,20 a 24,24559.0,26731.0,23195.0,30747.0
RÍO NEGRO,25 a 29,28597.0,21405.0,27522.0,30594.0
RÍO NEGRO,30 a 34,32986.0,17745.0,34597.0,24918.0
RÍO NEGRO,35 a 39,27735.0,14441.0,37262.0,20033.0
RÍO NEGRO,40 a 44,26008.0,12402.0,38453.0,18313.0
RÍO NEGRO,45 a 49,25270.0,10851.0,33355.0,15519.0
RÍO NEGRO,5 a 9,34399.0,19473.0,37428.0,22297.0
RÍO NEGRO,50 a 54,22400.0,10461.0,27634.0,12939.0
RÍO NEGRO,55 a 59,19956.0,8803.0,25888.0,11542.0
RÍO NEGRO,60 a 64,18814.0,6188.0,25350.0,6864.0
RÍO NEGRO,65 a 69,16916.0,2228.0,25930.0,1999.0
RÍO NEGRO,70 a 74,12655.0,984.0,21027.0,623.0
RÍO NEGRO,75 a 79,9234.0,687.0,15040.0,432.0
RÍO NEGRO,80 a 84,5836.0,422.0,9027.0,258.0
RÍO NEGRO,85 a 89,3252.0,215.0,4858.0,120.0
RÍO NEGRO,90 a 94,1247.0,72.0,2041.0,145.0
RÍO NEGRO,95 a 99,243.0,22.0,545.0,96.0
SALTA,0 a 4,53090.0,67451.0,41784.0,62779.0
SALTA,10 a 14,63574.0,68301.0,62595.0,65432.0
SALTA,100 y más,64.0,15.0,99.0,21.0
SALTA,15 a 19,62213.0,66760.0,58822.0,64746.0
SALTA,20 a 24,38144.0,63298.0,42410.0,79992.0
SALTA,25 a 29,38871.0,54740.0,42744.0,79614.0
SALTA,30 a 34,41638.0,44992.0,48375.0,58300.0
SALTA,35 a 39,41258.0,35427.0,53136.0,47418.0
SALTA,40 a 44,37340.0,27595.0,54384.0,42648.0
SALTA,45 a 49,34152.0,24210.0,48439.0,35467.0
SALTA,5 a 9,59107.0,65902.0,58872.0,70819.0
SALTA,50 a 54,30774.0,21443.0,41248.0,28056.0
SALTA,55 a 59,28502.0,18103.0,37458.0,23599.0
SALTA,60 a 64,26189.0,10946.0,36209.0,16030.0
SALTA,65 a 69,25307.0,3502.0,38956.0,6131.0
SALTA,70 a 74,20345.0,1959.0,32419.0,2383.0
SALTA,75 a 79,15435.0,1317.0,22160.0,1218.0
SALTA,80 a 84,9094.0,706.0,13801.0,769.0
SALTA,85 a 89,4611.0,315.0,7291.0,411.0
SALTA,90 a 94,1551.0,118.0,3135.0,336.0
SALTA,95 a 99,374.0,12.0,838.0,229.0
SAN JUAN,0 a 4,31017.0,34603.0,26465.0,33099.0
SAN JUAN,10 a 14,32809.0,31493.0,36090.0,31040.0
SAN JUAN,100 y más,15.0,2.0,50.0,4.0
SAN JUAN,15 a 19,32458.0,31554.0,34382.0,35606.0
SAN JUAN,20 a 24,21300.0,33226.0,22596.0,43515.0
SAN JUAN,25 a 29,22752.0,25568.0,24044.0,40062.0
SAN JUAN,30 a 34,26720.0,24220.0,29020.0,30522.0
SAN JUAN,35 a 39,25501.0,19119.0,30063.0,24754.0
SAN JUAN,40 a 44,22332.0,14631.0,31916.0,23659.0
SAN JUAN,45 a 49,20832.0,13131.0,29187.0,20456.0
SAN JUAN,5 a 9,32833.0,32617.0,34710.0,37633.0
SAN JUAN,50 a 54,19762.0,12061.0,25097.0,15913.0
SAN JUAN,55 a 59,19827.0,11150.0,22347.0,13192.0
SAN JUAN,60 a 64,18792.0,7377.0,23971.0,8377.0
SAN JUAN,65 a 69,18922.0,2011.0,26414.0,2628.0
SAN JUAN,70 a 74,14072.0,887.0,23521.0,695.0
SAN JUAN,75 a 79,10432.0,778.0,16616.0,405.0
SAN JUAN,80 a 84,7008.0,279.0,9488.0,232.0
SAN JUAN,85 a 89,3232.0,73.0,4834.0,147.0
SAN JUAN,90 a 94,917.0,39.0,1920.0,113.0
SAN JUAN,95 a 99,217.0,25.0,403.0,45.0
SAN LUIS,0 a 4,20486.0,17432.0,18314.0,15302.0
SAN LUIS,10 a 14,21515.0,20905.0,27475.0,17355.0
SAN LUIS,100 y más,29.0,0.0,39.0,1.0
SAN LUIS,15 a 19,18744.0,20506.0,25913.0,20223.0
SAN LUIS,20 a 24,14712.0,18988.0,17354.0,26337.0
SAN LUIS,25 a 29,18381.0,14083.0,19135.0,24123.0
SAN LUIS,30 a 34,21309.0,11680.0,22557.0,17996.0
SAN LUIS,35 a 39,18627.0,10355.0,24905.0,12978.0
SAN LUIS,40 a 44,15091.0,9332.0,27528.0,11539.0
SAN LUIS,45 a 49,15208.0,7932.0,22643.0,10912.0
SAN LUIS,5 a 9,21682.0,18462.0,24684.0,17089.0
SAN LUIS,50 a 54,13392.0,7717.0,19252.0,9305.0
SAN LUIS,55 a 59,12316.0,6436.0,17799.0,8006.0
SAN LUIS,60 a 64,12461.0,3814.0,17286.0,5230.0
SAN LUIS,65 a 69,12357.0,1196.0,17932.0,1374.0
SAN LUIS,70 a 74,8846.0,447.0,14961.0,306.0
SAN LUIS,75 a 79,6503.0,318.0,10797.0,160.0
SAN LUIS,80 a 84,4380.0,191.0,6154.0,89.0
SAN LUIS,85 a 89,1881.0,86.0,3115.0,74.0
SAN LUIS,90 a 94,694.0,62.0,1289.0,53.0
SAN LUIS,95 a 99,154.0,12.0,335.0,24.0
SANTA CRUZ,0 a 4,21584.0,4367.0,18495.0,3563.0
SANTA CRUZ,10 a 14,21581.0,3148.0,26118.0,3697.0
SANTA CRUZ,100 y más,1.0,0.0,10.0,1.0
SANTA CRUZ,15 a 19,19523.0,4749.0,22646.0,4373.0
SANTA CRUZ,20 a 24,14591.0,7350.0,14433.0,9294.0
SANTA CRUZ,25 a 29,19192.0,5417.0,18694.0,8685.0
SANTA CRUZ,30 a 34,20547.0,4055.0,23152.0,6024.0
SANTA CRUZ,35 a 39,17492.0,3093.0,23600.0,4431.0
SANTA CRUZ,40 a 44,13872.0,2351.0,22924.0,3829.0
SANTA CRUZ,45 a 49,13121.0,1502.0,18661.0,3065.0
SANTA CRUZ,5 a 9,19899.0,3386.0,25776.0,3977.0
SANTA CRUZ,50 a 54,11167.0,1878.0,14939.0,2329.0
SANTA CRUZ,55 a 59,8526.0,1517.0,11857.0,1907.0
SANTA CRUZ,60 a 64,6370.0,1092.0,11029.0,900.0
SANTA CRUZ,65 a 69,5005.0,428.0,9269.0,350.0
SANTA CRUZ,70 a 74,3486.0,153.0,6189.0,104.0
SANTA CRUZ,75 a 79,2261.0,127.0,4172.0,75.0
SANTA CRUZ,80 a 84,1309.0,61.0,2607.0,54.0
SANTA CRUZ,85 a 89,625.0,21.0,1246.0,31.0
SANTA CRUZ,90 a 94,174.0,9.0,479.0,19.0
SANTA CRUZ,95 a 99,26.0,2.0,122.0,11.0
SANTA FE,0 a 4,144693.0,101197.0,129034.0,88724.0
SANTA FE,10 a 14,148901.0,111270.0,160893.0,99812.0
SANTA FE,100 y más,319.0,13.0,329.0,29.0
SANTA FE,15 a 19,156860.0,116914.0,157708.0,102429.0
SANTA FE,20 a 24,152775.0,114760.0,135942.0,119802.0
SANTA FE,25 a 29,163580.0,94677.0,152001.0,117156.0
SANTA FE,30 a 34,170588.0,81119.0,173875.0,96905.0
SANTA FE,35 a 39,142711.0,62719.0,182736.0,80137.0
SANTA FE,40 a 44,127652.0,54039.0,188329.0,75925.0
SANTA FE,45 a 49,125138.0,50710.0,158274.0,60243.0
SANTA FE,5 a 9,145982.0,105371.0,162660.0,104823.0
SANTA FE,50 a 54,119536.0,46094.0,135813.0,50586.0
SANTA FE,55 a 59,115486.0,40294.0,131185.0,44583.0
SANTA FE,60 a 64,111871.0,22522.0,133174.0,27136.0
SANTA FE,65 a 69,104604.0,5437.0,134340.0,7252.0
SANTA FE,70 a 74,89258.0,2066.0,115409.0,2296.0
SANTA FE,75 a 79,70399.0,1451.0,84996.0,1255.0
SANTA FE,80 a 84,51126.0,939.0,55652.0,787.0
SANTA FE,85 a 89,28439.0,302.0,29712.0,400.0
SANTA FE,90 a 94,9584.0,194.0,12276.0,385.0
SANTA FE,95 a 99,2130.0,37.0,2926.0,242.0
SANTIAGO DEL ESTERO,0 a 4,27020.0,57635.0,22953.0,57739.0
SANTIAGO DEL ESTERO,10 a 14,38315.0,61669.0,34114.0,60982.0
SANTIAGO DEL ESTERO,100 y más,57.0,9.0,94.0,10.0
SANTIAGO DEL ESTERO,15 a 19,34738.0,55628.0,30810.0,61576.0
SANTIAGO DEL ESTERO,20 a 24,19727.0,49937.0,21294.0,72221.0
SANTIAGO DEL ESTERO,25 a 29,19567.0,45062.0,23955.0,66262.0
SANTIAGO DEL ESTERO,30 a 34,25737.0,39326.0,29720.0,49278.0
SANTIAGO DEL ESTERO,35 a 39,23156.0,29863.0,32048.0,41114.0
SANTIAGO DEL ESTERO,40 a 44,20884.0,22848.0,36268.0,37350.0
SANTIAGO DEL ESTERO,45 a 49,20655.0,18343.0,31928.0,28965.0
SANTIAGO DEL ESTERO,5 a 9,32381.0,53035.0,31159.0,61837.0
SANTIAGO DEL ESTERO,50 a 54,21529.0,16976.0,27749.0,21101.0
SANTIAGO DEL ESTERO,55 a 59,20125.0,14680.0,26138.0,16665.0
SANTIAGO DEL ESTERO,60 a 64,19250.0,9104.0,26891.0,11626.0
SANTIAGO DEL ESTERO,65 a 69,19004.0,2844.0,29838.0,3659.0
SANTIAGO DEL ESTERO,70 a 74,16596.0,1373.0,24334.0,1071.0
SANTIAGO DEL ESTERO,75 a 79,11286.0,929.0,16503.0,559.0
SANTIAGO DEL ESTERO,80 a 84,7991.0,549.0,10296.0,285.0
SANTIAGO DEL ESTERO,85 a 89,3871.0,281.0,5398.0,166.0
SANTIAGO DEL ESTERO,90 a 94,1360.0,103.0,2285.0,120.0
SANTIAGO DEL ESTERO,95 a 99,276.0,31.0,564.0,64.0
TIERRA DEL FUEGO,0 a 4,9476.0,1687.0,10379.0,1345.0
TIERRA DEL FUEGO,10 a 14,9300.0,2486.0,13791.0,1524.0
TIERRA DEL FUEGO,100 y más,1.0,0.0,3.0,0.0
TIERRA DEL FUEGO,15 a 19,8887.0,2709.0,11998.0,2039.0
TIERRA DEL FUEGO,20 a 24,6893.0,3153.0,8746.0,4280.0
TIERRA DEL FUEGO,25 a 29,8028.0,3023.0,11628.0,4469.0
TIERRA DEL FUEGO,30 a 34,8937.0,2507.0,14216.0,3453.0
TIERRA DEL FUEGO,35 a 39,7546.0,1718.0,13567.0,2503.0
TIERRA DEL FUEGO,40 a 44,6494.0,1643.0,12517.0,2127.0
TIERRA DEL FUEGO,45 a 49,6904.0,1533.0,9889.0,1628.0
TIERRA DEL FUEGO,5 a 9,9140.0,2319.0,13673.0,1448.0
TIERRA DEL FUEGO,50 a 54,4921.0,1419.0,7490.0,1069.0
TIERRA DEL FUEGO,55 a 59,3998.0,867.0,8142.0,1086.0
TIERRA DEL FUEGO,60 a 64,2696.0,520.0,7219.0,758.0
TIERRA DEL FUEGO,65 a 69,1605.0,254.0,5050.0,217.0
TIERRA DEL FUEGO,70 a 74,954.0,87.0,3192.0,33.0
TIERRA DEL FUEGO,75 a 79,780.0,17.0,1775.0,20.0
TIERRA DEL FUEGO,80 a 84,396.0,17.0,921.0,30.0
TIERRA DEL FUEGO,85 a 89,209.0,8.0,474.0,15.0
TIERRA DEL FUEGO,90 a 94,61.0,6.0,230.0,7.0
TIERRA DEL FUEGO,95 a 99,1.0,1.0,84.0,8.0
TUCUMÁN,0 a 4,71400.0,57149.0,61628.0,55459.0
TUCUMÁN,10 a 14,82123.0,59959.0,90118.0,51267.0
TUCUMÁN,100 y más,58.0,4.0,142.0,21.0
TUCUMÁN,15 a 19,83130.0,57580.0,89640.0,52071.0
TUCUMÁN,20 a 24,65089.0,59383.0,76298.0,72451.0
TUCUMÁN,25 a 29,64256.0,51413.0,74722.0,69700.0
TUCUMÁN,30 a 34,69426.0,46060.0,74572.0,54687.0
TUCUMÁN,35 a 39,57308.0,33166.0,76255.0,42593.0
TUCUMÁN,40 a 44,49389.0,25471.0,86892.0,40773.0
TUCUMÁN,45 a 49,49494.0,22892.0,70457.0,31163.0
TUCUMÁN,5 a 9,77801.0,58310.0,84144.0,59154.0
TUCUMÁN,50 a 54,49546.0,21257.0,59426.0,24419.0
TUCUMÁN,55 a 59,46313.0,18570.0,55999.0,19875.0
TUCUMÁN,60 a 64,38073.0,10607.0,56970.0,13596.0
TUCUMÁN,65 a 69,35602.0,3107.0,60660.0,4667.0
TUCUMÁN,70 a 74,27386.0,1312.0,47971.0,1565.0
TUCUMÁN,75 a 79,21523.0,1218.0,29778.0,810.0
TUCUMÁN,80 a 84,14550.0,634.0,18801.0,459.0
TUCUMÁN,85 a 89,7222.0,295.0,10185.0,240.0
TUCUMÁN,90 a 94,2299.0,93.0,4352.0,227.0
TUCUMÁN,95 a 99,502.0,22.0,1040.0,115.0
