provincia,grupo_etario,tasa_fecundidad
BUENOS AIRES,15 a 19,17.84
BUENOS AIRES,20 a 24,50.45
BUENOS AIRES,25 a 29,60.25
BUENOS AIRES,30 a 34,57.82
BUENOS AIRES,35 a 39,40.01
BUENOS AIRES,40 a 44,12.17
CABA,15 a 19,5.93
CABA,20 a 24,21.03
CABA,25 a 29,33.12
CABA,30 a 34,56.02
CABA,35 a 39,55.49
CABA,40 a 44,19.7
CATAMARCA,15 a 19,22.26
CATAMARCA,20 a 24,61.59
CATAMARCA,25 a 29,71.57
CATAMARCA,30 a 34,66.45
CATAMARCA,35 a 39,39.26
CATAMARCA,40 a 44,12.37
CHACO,15 a 19,48.53
CHACO,20 a 24,90.37
CHACO,25 a 29,96.61
CHACO,30 a 34,83.21
CHACO,35 a 39,49.76
CHACO,40 a 44,13.84
CHUBUT,15 a 19,14.45
CHUBUT,20 a 24,54.3
CHUBUT,25 a 29,64.4
CHUBUT,30 a 34,56.4
CHUBUT,35 a 39,36.41
CHUBUT,40 a 44,10.55
CORRIENTES,15 a 19,24.01
CORRIENTES,20 a 24,49.09
CORRIENTES,25 a 29,59.01
CORRIENTES,30 a 34,54.99
CORRIENTES,35 a 39,34.31
CORRIENTES,40 a 44,10.8
CÓRDOBA,15 a 19,23.03
CÓRDOBA,20 a 24,57.45
CÓRDOBA,25 a 29,72.09
CÓRDOBA,30 a 34,73.66
CÓRDOBA,35 a 39,49.96
CÓRDOBA,40 a 44,13.43
ENTRE RÍOS,15 a 19,25.15
ENTRE RÍOS,20 a 24,63.12
ENTRE RÍOS,25 a 29,69.93
ENTRE RÍOS,30 a 34,67.98
ENTRE RÍOS,35 a 39,44.47
ENTRE RÍOS,40 a 44,12.11
FORMOSA,15 a 19,35.92
FORMOSA,20 a 24,75.71
FORMOSA,25 a 29,69.2
FORMOSA,30 a 34,50.91
FORMOSA,35 a 39,30.0
FORMOSA,40 a 44,10.29
JUJUY,15 a 19,17.55
JUJUY,20 a 24,50.5
JUJUY,25 a 29,64.83
JUJUY,30 a 34,64.7
JUJUY,35 a 39,38.55
JUJUY,40 a 44,12.74
LA PAMPA,15 a 19,19.27
LA PAMPA,20 a 24,60.75
LA PAMPA,25 a 29,69.1
LA PAMPA,30 a 34,63.95
LA PAMPA,35 a 39,38.58
LA PAMPA,40 a 44,11.94
LA RIOJA,15 a 19,20.21
LA RIOJA,20 a 24,55.3
LA RIOJA,25 a 29,76.28
LA RIOJA,30 a 34,64.34
LA RIOJA,35 a 39,38.93
LA RIOJA,40 a 44,13.61
MENDOZA,15 a 19,19.84
MENDOZA,20 a 24,60.92
MENDOZA,25 a 29,76.15
MENDOZA,30 a 34,68.98
MENDOZA,35 a 39,44.2
MENDOZA,40 a 44,12.55
MISIONES,15 a 19,45.94
MISIONES,20 a 24,91.76
MISIONES,25 a 29,111.84
MISIONES,30 a 34,84.48
MISIONES,35 a 39,43.92
MISIONES,40 a 44,11.27
NEUQUÉN,15 a 19,17.22
NEUQUÉN,20 a 24,60.02
NEUQUÉN,25 a 29,70.71
NEUQUÉN,30 a 34,63.58
NEUQUÉN,35 a 39,41.25
NEUQUÉN,40 a 44,10.79
RÍO NEGRO,15 a 19,16.72
RÍO NEGRO,20 a 24,56.02
RÍO NEGRO,25 a 29,69.75
RÍO NEGRO,30 a 34,58.99
RÍO NEGRO,35 a 39,41.04
RÍO NEGRO,40 a 44,10.63
SALTA,15 a 19,33.21
SALTA,20 a 24,71.11
SALTA,25 a 29,80.51
SALTA,30 a 34,73.03
SALTA,35 a 39,46.0
SALTA,40 a 44,14.99
SAN JUAN,15 a 19,30.23
SAN JUAN,20 a 24,80.99
SAN JUAN,25 a 29,90.35
SAN JUAN,30 a 34,73.99
SAN JUAN,35 a 39,43.69
SAN JUAN,40 a 44,12.64
SAN LUIS,15 a 19,19.14
SAN LUIS,20 a 24,60.22
SAN LUIS,25 a 29,67.78
SAN LUIS,30 a 34,58.6
SAN LUIS,35 a 39,35.0
SAN LUIS,40 a 44,10.35
SANTA CRUZ,15 a 19,17.94
SANTA CRUZ,20 a 24,57.79
SANTA CRUZ,25 a 29,72.16
SANTA CRUZ,30 a 34,61.24
SANTA CRUZ,35 a 39,34.4
SANTA CRUZ,40 a 44,9.41
SANTA FE,15 a 19,30.19
SANTA FE,20 a 24,70.21
SANTA FE,25 a 29,75.67
SANTA FE,30 a 34,73.9
SANTA FE,35 a 39,48.0
SANTA FE,40 a 44,14.49
SANTIAGO DEL ESTERO,15 a 19,24.51
SANTIAGO DEL ESTERO,20 a 24,64.11
SANTIAGO DEL ESTERO,25 a 29,70.49
SANTIAGO DEL ESTERO,30 a 34,63.91
SANTIAGO DEL ESTERO,35 a 39,38.46
SANTIAGO DEL ESTERO,40 a 44,11.83
TIERRA DEL FUEGO,15 a 19,9.85
TIERRA DEL FUEGO,20 a 24,36.14
TIERRA DEL FUEGO,25 a 29,52.66
TIERRA DEL FUEGO,30 a 34,50.04
TIERRA DEL FUEGO,35 a 39,35.34
TIERRA DEL FUEGO,40 a 44,6.23
TUCUMÁN,15 a 19,23.51
TUCUMÁN,20 a 24,65.79
TUCUMÁN,25 a 29,79.71
TUCUMÁN,30 a 34,71.91
TUCUMÁN,35 a 39,44.68
TUCUMÁN,40 a 44,13.1
