provincia,porcentaje_madres_menores_2010,porcentaje_madres_menores_2022,diferencia_porcetaje
CHACO,25.76,13.96,11.8
LA RIOJA,18.66,7.74,10.92
CATAMARCA,19.51,8.77,10.740000000000002
SANTIAGO DEL ESTERO,20.93,10.27,10.66
RÍO NEGRO,17.1,6.76,10.340000000000002
JUJUY,18.0,7.74,10.26
SAN LUIS,18.91,8.69,10.22
LA PAMPA,18.04,7.85,10.19
NEUQUÉN,15.98,6.19,9.79
CHUBUT,15.81,6.27,9.540000000000001
ENTRE RÍOS,18.77,9.58,9.19
TUCUMÁN,17.37,8.57,8.8
MISIONES,22.73,14.29,8.440000000000001
CORRIENTES,19.88,11.69,8.19
TIERRA DEL FUEGO,12.9,4.81,8.09
MENDOZA,15.57,7.48,8.09
SANTA CRUZ,15.57,7.5,8.07
SANTA FE,17.65,9.97,7.679999999999998
CÓRDOBA,15.24,8.39,6.85
FORMOSA,22.69,15.9,6.790000000000001
SAN JUAN,16.67,10.49,6.1800000000000015
SALTA,17.61,11.86,5.75
BUENOS AIRES,13.57,8.25,5.32
CABA,6.72,2.45,4.27
