provincia,grupo_etario,porcentaje_con_cobertura_en_2010,porcentaje_sin_cobertura_en_2010,porcentaje_con_cobertura_en_2022,porcentaje_sin_cobertura_en_2022
BUENOS AIRES,0 a 4,56.37,43.63,53.88,46.12
BUENOS AIRES,5 a 9,58.88,41.12,57.24,42.76
BUENOS AIRES,10 a 14,57.5,42.5,59.19,40.81
BUENOS AIRES,15 a 19,54.51,45.49,59.07,40.93
BUENOS AIRES,20 a 24,51.47,48.53,47.88,52.12
BUENOS AIRES,25 a 29,58.79,41.21,50.1,49.9
BUENOS AIRES,30 a 34,64.06,35.94,58.44,41.56
BUENOS AIRES,35 a 39,65.83,34.17,63.91,36.09
BUENOS AIRES,40 a 44,65.97,34.03,66.73,33.27
BUENOS AIRES,45 a 49,66.1,33.9,67.97,32.03
BUENOS AIRES,50 a 54,65.59,34.41,68.61,31.39
BUENOS AIRES,55 a 59,66.82,33.18,69.54,30.46
BUENOS AIRES,60 a 64,76.97,23.03,78.18,21.82
BUENOS AIRES,65 a 69,92.53,7.47,92.64,7.36
BUENOS AIRES,70 a 74,96.42,3.58,97.14,2.86
BUENOS AIRES,75 a 79,96.7,3.3,97.64,2.36
BUENOS AIRES,80 a 84,97.59,2.41,97.75,2.25
BUENOS AIRES,85 a 89,98.11,1.89,97.45,2.55
BUENOS AIRES,90 a 94,97.48,2.52,95.35,4.65
BUENOS AIRES,95 a 99,96.49,3.51,88.13,11.87
BUENOS AIRES,100 y más,88.47,11.53,92.8,7.2
CABA,0 a 4,75.06,24.94,80.23,19.77
CABA,5 a 9,77.29,22.71,79.97,20.03
CABA,10 a 14,76.11,23.89,80.09,19.91
CABA,15 a 19,74.44,25.56,79.19,20.81
CABA,20 a 24,72.22,27.78,72.33,27.67
CABA,25 a 29,75.96,24.04,74.06,25.94
CABA,30 a 34,80.79,19.21,79.73,20.27
CABA,35 a 39,81.64,18.36,82.63,17.37
CABA,40 a 44,81.83,18.17,84.05,15.95
CABA,45 a 49,83.17,16.83,84.55,15.45
CABA,50 a 54,83.59,16.41,82.71,17.29
CABA,55 a 59,84.51,15.49,84.77,15.23
CABA,60 a 64,89.26,10.74,88.16,11.84
CABA,65 a 69,94.76,5.24,94.2,5.8
CABA,70 a 74,97.25,2.75,97.21,2.79
CABA,75 a 79,98.14,1.86,97.99,2.01
CABA,80 a 84,98.58,1.42,98.4,1.6
CABA,85 a 89,98.49,1.51,98.39,1.61
CABA,90 a 94,98.74,1.26,98.23,1.77
CABA,95 a 99,97.31,2.69,96.71,3.29
CABA,100 y más,97.42,2.58,97.23,2.77
CATAMARCA,0 a 4,51.61,48.39,46.98,53.02
CATAMARCA,5 a 9,54.5,45.5,53.98,46.02
CATAMARCA,10 a 14,58.38,41.62,58.52,41.48
CATAMARCA,15 a 19,59.97,40.03,58.12,41.88
CATAMARCA,20 a 24,38.77,61.23,31.28,68.72
CATAMARCA,25 a 29,46.67,53.33,35.86,64.14
CATAMARCA,30 a 34,56.74,43.26,49.63,50.37
CATAMARCA,35 a 39,63.64,36.36,58.92,41.08
CATAMARCA,40 a 44,67.18,32.82,63.88,36.12
CATAMARCA,45 a 49,73.16,26.84,67.09,32.91
CATAMARCA,50 a 54,69.42,30.58,70.32,29.68
CATAMARCA,55 a 59,70.95,29.05,73.66,26.34
CATAMARCA,60 a 64,78.43,21.57,80.72,19.28
CATAMARCA,65 a 69,90.33,9.67,92.58,7.42
CATAMARCA,70 a 74,93.5,6.5,96.98,3.02
CATAMARCA,75 a 79,93.42,6.58,97.49,2.51
CATAMARCA,80 a 84,94.83,5.17,97.21,2.79
CATAMARCA,85 a 89,95.05,4.95,96.68,3.32
CATAMARCA,90 a 94,93.99,6.01,96.77,3.23
CATAMARCA,95 a 99,94.5,5.5,94.58,5.42
CATAMARCA,100 y más,94.74,5.26,83.33,16.67
CHACO,0 a 4,29.76,70.24,33.77,66.23
CHACO,5 a 9,31.87,68.13,38.34,61.66
CHACO,10 a 14,33.73,66.27,40.31,59.69
CHACO,15 a 19,33.38,66.62,37.54,62.46
CHACO,20 a 24,28.62,71.38,28.14,71.86
CHACO,25 a 29,33.21,66.79,31.48,68.52
CHACO,30 a 34,40.47,59.53,42.85,57.15
CHACO,35 a 39,45.01,54.99,49.13,50.87
CHACO,40 a 44,48.63,51.37,52.01,47.99
CHACO,45 a 49,51.55,48.45,54.21,45.79
CHACO,50 a 54,51.59,48.41,57.97,42.03
CHACO,55 a 59,54.8,45.2,61.53,38.47
CHACO,60 a 64,65.74,34.26,71.23,28.77
CHACO,65 a 69,85.39,14.61,88.25,11.75
CHACO,70 a 74,90.54,9.46,94.83,5.17
CHACO,75 a 79,90.08,9.92,95.97,4.03
CHACO,80 a 84,93.74,6.26,96.46,3.54
CHACO,85 a 89,91.51,8.49,95.7,4.3
CHACO,90 a 94,92.57,7.43,91.73,8.27
CHACO,95 a 99,94.93,5.07,76.88,23.12
CHACO,100 y más,95.92,4.08,73.53,26.47
CHUBUT,0 a 4,71.32,28.68,67.67,32.33
CHUBUT,5 a 9,73.44,26.56,70.97,29.03
CHUBUT,10 a 14,71.64,28.36,73.02,26.98
CHUBUT,15 a 19,70.83,29.17,70.79,29.21
CHUBUT,20 a 24,58.39,41.61,50.69,49.31
CHUBUT,25 a 29,67.21,32.79,53.83,46.17
CHUBUT,30 a 34,72.7,27.3,66.09,33.91
CHUBUT,35 a 39,73.98,26.02,72.38,27.62
CHUBUT,40 a 44,75.24,24.76,75.36,24.64
CHUBUT,45 a 49,79.15,20.85,76.49,23.51
CHUBUT,50 a 54,74.05,25.95,77.78,22.22
CHUBUT,55 a 59,74.44,25.56,76.81,23.19
CHUBUT,60 a 64,79.14,20.86,83.92,16.08
CHUBUT,65 a 69,88.98,11.02,94.11,5.89
CHUBUT,70 a 74,92.09,7.91,97.04,2.96
CHUBUT,75 a 79,93.95,6.05,97.29,2.71
CHUBUT,80 a 84,94.35,5.65,96.92,3.08
CHUBUT,85 a 89,90.68,9.32,96.99,3.01
CHUBUT,90 a 94,88.86,11.14,94.04,5.96
CHUBUT,95 a 99,77.08,22.92,83.97,16.03
CHUBUT,100 y más,94.44,5.56,97.92,2.08
CORRIENTES,0 a 4,46.56,53.44,50.44,49.56
CORRIENTES,5 a 9,45.22,54.78,52.59,47.41
CORRIENTES,10 a 14,44.97,55.03,52.97,47.03
CORRIENTES,15 a 19,44.55,55.45,48.16,51.84
CORRIENTES,20 a 24,37.33,62.67,34.93,65.07
CORRIENTES,25 a 29,41.23,58.77,37.46,62.54
CORRIENTES,30 a 34,47.78,52.22,49.11,50.89
CORRIENTES,35 a 39,49.79,50.21,55.54,44.46
CORRIENTES,40 a 44,54.31,45.69,57.62,42.38
CORRIENTES,45 a 49,58.51,41.49,59.27,40.73
CORRIENTES,50 a 54,58.24,41.76,62.63,37.37
CORRIENTES,55 a 59,58.01,41.99,67.02,32.98
CORRIENTES,60 a 64,68.57,31.43,76.3,23.7
CORRIENTES,65 a 69,89.6,10.4,91.32,8.68
CORRIENTES,70 a 74,94.3,5.7,96.06,3.94
CORRIENTES,75 a 79,92.7,7.3,95.89,4.11
CORRIENTES,80 a 84,94.47,5.53,96.34,3.66
CORRIENTES,85 a 89,95.12,4.88,95.7,4.3
CORRIENTES,90 a 94,92.76,7.24,90.9,9.1
CORRIENTES,95 a 99,94.98,5.02,85.38,14.62
CORRIENTES,100 y más,66.67,33.33,93.4,6.6
CÓRDOBA,0 a 4,61.05,38.95,56.23,43.77
CÓRDOBA,5 a 9,60.06,39.94,58.1,41.9
CÓRDOBA,10 a 14,57.27,42.73,58.89,41.11
CÓRDOBA,15 a 19,59.71,40.29,58.55,41.45
CÓRDOBA,20 a 24,57.43,42.57,52.98,47.02
CÓRDOBA,25 a 29,61.89,38.11,53.42,46.58
CÓRDOBA,30 a 34,65.81,34.19,59.36,40.64
CÓRDOBA,35 a 39,66.84,33.16,63.8,36.2
CÓRDOBA,40 a 44,66.16,33.84,66.15,33.85
CÓRDOBA,45 a 49,67.25,32.75,67.19,32.81
CÓRDOBA,50 a 54,67.36,32.64,67.56,32.44
CÓRDOBA,55 a 59,69.75,30.25,69.95,30.05
CÓRDOBA,60 a 64,79.51,20.49,79.93,20.07
CÓRDOBA,65 a 69,93.9,6.1,94.21,5.79
CÓRDOBA,70 a 74,96.89,3.11,97.94,2.06
CÓRDOBA,75 a 79,96.58,3.42,98.3,1.7
CÓRDOBA,80 a 84,97.31,2.69,98.37,1.63
CÓRDOBA,85 a 89,97.77,2.23,98.05,1.95
CÓRDOBA,90 a 94,96.95,3.05,95.42,4.58
CÓRDOBA,95 a 99,96.95,3.05,88.55,11.45
CÓRDOBA,100 y más,98.25,1.75,94.23,5.77
ENTRE RÍOS,0 a 4,56.6,43.4,54.0,46.0
ENTRE RÍOS,5 a 9,56.65,43.35,57.13,42.87
ENTRE RÍOS,10 a 14,56.5,43.5,59.54,40.46
ENTRE RÍOS,15 a 19,55.62,44.38,57.9,42.1
ENTRE RÍOS,20 a 24,50.31,49.69,43.3,56.7
ENTRE RÍOS,25 a 29,55.56,44.44,44.74,55.26
ENTRE RÍOS,30 a 34,62.22,37.78,57.83,42.17
ENTRE RÍOS,35 a 39,64.66,35.34,63.77,36.23
ENTRE RÍOS,40 a 44,66.95,33.05,66.95,33.05
ENTRE RÍOS,45 a 49,68.07,31.93,68.29,31.71
ENTRE RÍOS,50 a 54,69.19,30.81,70.32,29.68
ENTRE RÍOS,55 a 59,70.38,29.62,73.09,26.91
ENTRE RÍOS,60 a 64,78.81,21.19,81.11,18.89
ENTRE RÍOS,65 a 69,93.34,6.66,93.84,6.16
ENTRE RÍOS,70 a 74,96.32,3.68,97.62,2.38
ENTRE RÍOS,75 a 79,96.76,3.24,98.52,1.48
ENTRE RÍOS,80 a 84,96.35,3.65,98.69,1.31
ENTRE RÍOS,85 a 89,96.62,3.38,98.24,1.76
ENTRE RÍOS,90 a 94,96.82,3.18,96.81,3.19
ENTRE RÍOS,95 a 99,96.21,3.79,94.67,5.33
ENTRE RÍOS,100 y más,89.36,10.64,96.3,3.7
FORMOSA,0 a 4,30.58,69.42,31.19,68.81
FORMOSA,5 a 9,33.1,66.9,34.38,65.62
FORMOSA,10 a 14,34.86,65.14,33.07,66.93
FORMOSA,15 a 19,37.62,62.38,34.43,65.57
FORMOSA,20 a 24,28.37,71.63,20.9,79.1
FORMOSA,25 a 29,33.14,66.86,28.58,71.42
FORMOSA,30 a 34,37.8,62.2,39.12,60.88
FORMOSA,35 a 39,43.43,56.57,43.34,56.66
FORMOSA,40 a 44,51.02,48.98,47.46,52.54
FORMOSA,45 a 49,56.74,43.26,49.74,50.26
FORMOSA,50 a 54,56.92,43.08,53.3,46.7
FORMOSA,55 a 59,57.51,42.49,60.35,39.65
FORMOSA,60 a 64,62.73,37.27,68.11,31.89
FORMOSA,65 a 69,80.01,19.99,82.29,17.71
FORMOSA,70 a 74,87.47,12.53,90.23,9.77
FORMOSA,75 a 79,87.41,12.59,92.16,7.84
FORMOSA,80 a 84,86.42,13.58,94.15,5.85
FORMOSA,85 a 89,83.0,17.0,93.03,6.97
FORMOSA,90 a 94,78.2,21.8,90.73,9.27
FORMOSA,95 a 99,85.11,14.89,88.72,11.28
FORMOSA,100 y más,69.23,30.77,87.1,12.9
JUJUY,0 a 4,49.12,50.88,43.66,56.34
JUJUY,5 a 9,52.25,47.75,50.34,49.66
JUJUY,10 a 14,52.86,47.14,54.26,45.74
JUJUY,15 a 19,54.08,45.92,51.63,48.37
JUJUY,20 a 24,35.77,64.23,31.38,68.62
JUJUY,25 a 29,39.63,60.37,32.14,67.86
JUJUY,30 a 34,46.62,53.38,43.28,56.72
JUJUY,35 a 39,53.71,46.29,51.29,48.71
JUJUY,40 a 44,58.36,41.64,55.45,44.55
JUJUY,45 a 49,62.61,37.39,57.86,42.14
JUJUY,50 a 54,63.53,36.47,60.29,39.71
JUJUY,55 a 59,64.07,35.93,64.29,35.71
JUJUY,60 a 64,70.86,29.14,71.41,28.59
JUJUY,65 a 69,86.9,13.1,86.28,13.72
JUJUY,70 a 74,89.75,10.25,93.59,6.41
JUJUY,75 a 79,89.23,10.77,94.67,5.33
JUJUY,80 a 84,89.05,10.95,95.63,4.37
JUJUY,85 a 89,88.88,11.12,94.09,5.91
JUJUY,90 a 94,90.01,9.99,91.64,8.36
JUJUY,95 a 99,84.28,15.72,81.14,18.86
JUJUY,100 y más,75.0,25.0,86.36,13.64
LA PAMPA,0 a 4,59.32,40.68,58.27,41.73
LA PAMPA,5 a 9,61.7,38.3,62.08,37.92
LA PAMPA,10 a 14,61.09,38.91,61.17,38.83
LA PAMPA,15 a 19,60.93,39.07,60.97,39.03
LA PAMPA,20 a 24,53.07,46.93,49.04,50.96
LA PAMPA,25 a 29,57.29,42.71,52.01,47.99
LA PAMPA,30 a 34,65.28,34.72,60.29,39.71
LA PAMPA,35 a 39,67.77,32.23,66.94,33.06
LA PAMPA,40 a 44,69.33,30.67,69.54,30.46
LA PAMPA,45 a 49,69.5,30.5,71.48,28.52
LA PAMPA,50 a 54,71.49,28.51,72.8,27.2
LA PAMPA,55 a 59,69.3,30.7,73.65,26.35
LA PAMPA,60 a 64,80.78,19.22,83.1,16.9
LA PAMPA,65 a 69,94.92,5.08,94.45,5.55
LA PAMPA,70 a 74,97.17,2.83,98.58,1.42
LA PAMPA,75 a 79,98.13,1.87,99.15,0.85
LA PAMPA,80 a 84,97.75,2.25,99.29,0.71
LA PAMPA,85 a 89,97.45,2.55,99.42,0.58
LA PAMPA,90 a 94,98.65,1.35,98.97,1.03
LA PAMPA,95 a 99,98.98,1.02,99.07,0.93
LA PAMPA,100 y más,85.71,14.29,93.75,6.25
LA RIOJA,0 a 4,50.35,49.65,45.35,54.65
LA RIOJA,5 a 9,55.04,44.96,50.85,49.15
LA RIOJA,10 a 14,59.25,40.75,54.17,45.83
LA RIOJA,15 a 19,61.01,38.99,56.21,43.79
LA RIOJA,20 a 24,46.27,53.73,39.78,60.22
LA RIOJA,25 a 29,47.92,52.08,38.0,62.0
LA RIOJA,30 a 34,55.49,44.51,48.06,51.94
LA RIOJA,35 a 39,62.22,37.78,56.7,43.3
LA RIOJA,40 a 44,67.99,32.01,62.33,37.67
LA RIOJA,45 a 49,72.99,27.01,65.61,34.39
LA RIOJA,50 a 54,73.97,26.03,70.27,29.73
LA RIOJA,55 a 59,75.12,24.88,74.43,25.57
LA RIOJA,60 a 64,78.93,21.07,79.86,20.14
LA RIOJA,65 a 69,90.8,9.2,92.15,7.85
LA RIOJA,70 a 74,93.65,6.35,96.52,3.48
LA RIOJA,75 a 79,93.6,6.4,96.62,3.38
LA RIOJA,80 a 84,94.53,5.47,97.23,2.77
LA RIOJA,85 a 89,95.44,4.56,97.3,2.7
LA RIOJA,90 a 94,94.38,5.62,94.52,5.48
LA RIOJA,95 a 99,94.26,5.74,89.4,10.6
LA RIOJA,100 y más,85.37,14.63,86.67,13.33
MENDOZA,0 a 4,55.83,44.17,51.24,48.76
MENDOZA,5 a 9,57.64,42.36,53.39,46.61
MENDOZA,10 a 14,56.61,43.39,56.08,43.92
MENDOZA,15 a 19,54.39,45.61,56.26,43.74
MENDOZA,20 a 24,48.52,51.48,43.52,56.48
MENDOZA,25 a 29,55.54,44.46,45.32,54.68
MENDOZA,30 a 34,61.72,38.28,54.87,45.13
MENDOZA,35 a 39,64.3,35.7,58.4,41.6
MENDOZA,40 a 44,65.02,34.98,63.87,36.13
MENDOZA,45 a 49,64.97,35.03,65.34,34.66
MENDOZA,50 a 54,64.5,35.5,66.42,33.58
MENDOZA,55 a 59,65.18,34.82,67.45,32.55
MENDOZA,60 a 64,76.57,23.43,77.54,22.46
MENDOZA,65 a 69,92.33,7.67,92.75,7.25
MENDOZA,70 a 74,96.4,3.6,97.22,2.78
MENDOZA,75 a 79,96.79,3.21,97.7,2.3
MENDOZA,80 a 84,97.33,2.67,97.94,2.06
MENDOZA,85 a 89,97.58,2.42,97.51,2.49
MENDOZA,90 a 94,96.91,3.09,95.9,4.1
MENDOZA,95 a 99,97.55,2.45,89.88,10.12
MENDOZA,100 y más,79.66,20.34,86.39,13.61
MISIONES,0 a 4,50.71,49.29,42.45,57.55
MISIONES,5 a 9,50.72,49.28,43.42,56.58
MISIONES,10 a 14,50.99,49.01,47.98,52.02
MISIONES,15 a 19,50.81,49.19,46.07,53.93
MISIONES,20 a 24,43.85,56.15,35.56,64.44
MISIONES,25 a 29,50.47,49.53,42.81,57.19
MISIONES,30 a 34,57.72,42.28,48.27,51.73
MISIONES,35 a 39,59.84,40.16,55.98,44.02
MISIONES,40 a 44,61.29,38.71,57.37,42.63
MISIONES,45 a 49,62.86,37.14,61.55,38.45
MISIONES,50 a 54,62.45,37.55,61.24,38.76
MISIONES,55 a 59,63.34,36.66,65.68,34.32
MISIONES,60 a 64,70.54,29.46,71.91,28.09
MISIONES,65 a 69,87.04,12.96,88.46,11.54
MISIONES,70 a 74,91.49,8.51,95.31,4.69
MISIONES,75 a 79,90.0,10.0,96.39,3.61
MISIONES,80 a 84,91.28,8.72,96.17,3.83
MISIONES,85 a 89,92.14,7.86,95.41,4.59
MISIONES,90 a 94,86.53,13.47,90.51,9.49
MISIONES,95 a 99,81.42,18.58,84.29,15.71
MISIONES,100 y más,43.28,56.72,82.67,17.33
NEUQUÉN,0 a 4,60.22,39.78,62.77,37.23
NEUQUÉN,5 a 9,66.18,33.82,65.53,34.47
NEUQUÉN,10 a 14,64.67,35.33,68.54,31.46
NEUQUÉN,15 a 19,61.37,38.63,66.29,33.71
NEUQUÉN,20 a 24,48.6,51.4,50.04,49.96
NEUQUÉN,25 a 29,59.48,40.52,53.96,46.04
NEUQUÉN,30 a 34,66.72,33.28,64.39,35.61
NEUQUÉN,35 a 39,68.71,31.29,69.64,30.36
NEUQUÉN,40 a 44,69.37,30.63,71.21,28.79
NEUQUÉN,45 a 49,70.06,29.94,71.55,28.45
NEUQUÉN,50 a 54,67.85,32.15,71.89,28.11
NEUQUÉN,55 a 59,67.38,32.62,72.24,27.76
NEUQUÉN,60 a 64,73.05,26.95,77.56,22.44
NEUQUÉN,65 a 69,85.23,14.77,89.79,10.21
NEUQUÉN,70 a 74,90.22,9.78,95.66,4.34
NEUQUÉN,75 a 79,91.0,9.0,96.52,3.48
NEUQUÉN,80 a 84,93.4,6.6,97.5,2.5
NEUQUÉN,85 a 89,94.12,5.88,97.19,2.81
NEUQUÉN,90 a 94,89.28,10.72,93.09,6.91
NEUQUÉN,95 a 99,86.98,13.02,93.45,6.55
NEUQUÉN,100 y más,48.15,51.85,92.31,7.69
RÍO NEGRO,0 a 4,61.07,38.93,57.63,42.37
RÍO NEGRO,5 a 9,63.85,36.15,62.67,37.33
RÍO NEGRO,10 a 14,66.45,33.55,64.5,35.5
RÍO NEGRO,15 a 19,60.87,39.13,62.33,37.67
RÍO NEGRO,20 a 24,47.88,52.12,43.0,57.0
RÍO NEGRO,25 a 29,57.19,42.81,47.36,52.64
RÍO NEGRO,30 a 34,65.02,34.98,58.13,41.87
RÍO NEGRO,35 a 39,65.76,34.24,65.04,34.96
RÍO NEGRO,40 a 44,67.71,32.29,67.74,32.26
RÍO NEGRO,45 a 49,69.96,30.04,68.25,31.75
RÍO NEGRO,50 a 54,68.17,31.83,68.11,31.89
RÍO NEGRO,55 a 59,69.39,30.61,69.16,30.84
RÍO NEGRO,60 a 64,75.25,24.75,78.69,21.31
RÍO NEGRO,65 a 69,88.36,11.64,92.84,7.16
RÍO NEGRO,70 a 74,92.79,7.21,97.12,2.88
RÍO NEGRO,75 a 79,93.08,6.92,97.21,2.79
RÍO NEGRO,80 a 84,93.26,6.74,97.22,2.78
RÍO NEGRO,85 a 89,93.8,6.2,97.59,2.41
RÍO NEGRO,90 a 94,94.54,5.46,93.37,6.63
RÍO NEGRO,95 a 99,91.7,8.3,85.02,14.98
RÍO NEGRO,100 y más,90.0,10.0,89.25,10.75
SALTA,0 a 4,44.04,55.96,39.96,60.04
SALTA,5 a 9,47.28,52.72,45.39,54.61
SALTA,10 a 14,48.21,51.79,48.89,51.11
SALTA,15 a 19,48.24,51.76,47.6,52.4
SALTA,20 a 24,37.6,62.4,34.65,65.35
SALTA,25 a 29,41.52,58.48,34.93,65.07
SALTA,30 a 34,48.06,51.94,45.35,54.65
SALTA,35 a 39,53.8,46.2,52.84,47.16
SALTA,40 a 44,57.5,42.5,56.05,43.95
SALTA,45 a 49,58.52,41.48,57.73,42.27
SALTA,50 a 54,58.93,41.07,59.52,40.48
SALTA,55 a 59,61.16,38.84,61.35,38.65
SALTA,60 a 64,70.52,29.48,69.31,30.69
SALTA,65 a 69,87.84,12.16,86.4,13.6
SALTA,70 a 74,91.22,8.78,93.15,6.85
SALTA,75 a 79,92.14,7.86,94.79,5.21
SALTA,80 a 84,92.8,7.2,94.72,5.28
SALTA,85 a 89,93.61,6.39,94.66,5.34
SALTA,90 a 94,92.93,7.07,90.32,9.68
SALTA,95 a 99,96.89,3.11,78.54,21.46
SALTA,100 y más,81.01,18.99,82.5,17.5
SAN JUAN,0 a 4,47.27,52.73,44.43,55.57
SAN JUAN,5 a 9,50.17,49.83,47.98,52.02
SAN JUAN,10 a 14,51.02,48.98,53.76,46.24
SAN JUAN,15 a 19,50.71,49.29,49.13,50.87
SAN JUAN,20 a 24,39.06,60.94,34.18,65.82
SAN JUAN,25 a 29,47.09,52.91,37.51,62.49
SAN JUAN,30 a 34,52.45,47.55,48.74,51.26
SAN JUAN,35 a 39,57.15,42.85,54.84,45.16
SAN JUAN,40 a 44,60.42,39.58,57.43,42.57
SAN JUAN,45 a 49,61.34,38.66,58.79,41.21
SAN JUAN,50 a 54,62.1,37.9,61.2,38.8
SAN JUAN,55 a 59,64.01,35.99,62.88,37.12
SAN JUAN,60 a 64,71.81,28.19,74.1,25.9
SAN JUAN,65 a 69,90.39,9.61,90.95,9.05
SAN JUAN,70 a 74,94.07,5.93,97.13,2.87
SAN JUAN,75 a 79,93.06,6.94,97.62,2.38
SAN JUAN,80 a 84,96.17,3.83,97.61,2.39
SAN JUAN,85 a 89,97.79,2.21,97.05,2.95
SAN JUAN,90 a 94,95.92,4.08,94.44,5.56
SAN JUAN,95 a 99,89.67,10.33,89.96,10.04
SAN JUAN,100 y más,88.24,11.76,92.59,7.41
SAN LUIS,0 a 4,54.03,45.97,54.48,45.52
SAN LUIS,5 a 9,54.01,45.99,59.09,40.91
SAN LUIS,10 a 14,50.72,49.28,61.29,38.71
SAN LUIS,15 a 19,47.76,52.24,56.17,43.83
SAN LUIS,20 a 24,43.66,56.34,39.72,60.28
SAN LUIS,25 a 29,56.62,43.38,44.23,55.77
SAN LUIS,30 a 34,64.59,35.41,55.62,44.38
SAN LUIS,35 a 39,64.27,35.73,65.74,34.26
SAN LUIS,40 a 44,61.79,38.21,70.46,29.54
SAN LUIS,45 a 49,65.72,34.28,67.48,32.52
SAN LUIS,50 a 54,63.44,36.56,67.42,32.58
SAN LUIS,55 a 59,65.68,34.32,68.98,31.02
SAN LUIS,60 a 64,76.57,23.43,76.77,23.23
SAN LUIS,65 a 69,91.18,8.82,92.88,7.12
SAN LUIS,70 a 74,95.19,4.81,98.0,2.0
SAN LUIS,75 a 79,95.34,4.66,98.54,1.46
SAN LUIS,80 a 84,95.82,4.18,98.57,1.43
SAN LUIS,85 a 89,95.63,4.37,97.68,2.32
SAN LUIS,90 a 94,91.8,8.2,96.05,3.95
SAN LUIS,95 a 99,92.77,7.23,93.31,6.69
SAN LUIS,100 y más,100.0,0.0,97.5,2.5
SANTA CRUZ,0 a 4,83.17,16.83,83.85,16.15
SANTA CRUZ,5 a 9,85.46,14.54,86.63,13.37
SANTA CRUZ,10 a 14,87.27,12.73,87.6,12.4
SANTA CRUZ,15 a 19,80.43,19.57,83.82,16.18
SANTA CRUZ,20 a 24,66.5,33.5,60.83,39.17
SANTA CRUZ,25 a 29,77.99,22.01,68.28,31.72
SANTA CRUZ,30 a 34,83.52,16.48,79.35,20.65
SANTA CRUZ,35 a 39,84.97,15.03,84.19,15.81
SANTA CRUZ,40 a 44,85.51,14.49,85.69,14.31
SANTA CRUZ,45 a 49,89.73,10.27,85.89,14.11
SANTA CRUZ,50 a 54,85.6,14.4,86.51,13.49
SANTA CRUZ,55 a 59,84.89,15.11,86.15,13.85
SANTA CRUZ,60 a 64,85.37,14.63,92.46,7.54
SANTA CRUZ,65 a 69,92.12,7.88,96.36,3.64
SANTA CRUZ,70 a 74,95.8,4.2,98.35,1.65
SANTA CRUZ,75 a 79,94.68,5.32,98.23,1.77
SANTA CRUZ,80 a 84,95.55,4.45,97.97,2.03
SANTA CRUZ,85 a 89,96.75,3.25,97.57,2.43
SANTA CRUZ,90 a 94,95.08,4.92,96.18,3.82
SANTA CRUZ,95 a 99,92.86,7.14,91.73,8.27
SANTA CRUZ,100 y más,100.0,0.0,90.91,9.09
SANTA FE,0 a 4,58.84,41.16,59.26,40.74
SANTA FE,5 a 9,58.08,41.92,60.81,39.19
SANTA FE,10 a 14,57.23,42.77,61.71,38.29
SANTA FE,15 a 19,57.3,42.7,60.62,39.38
SANTA FE,20 a 24,57.1,42.9,53.16,46.84
SANTA FE,25 a 29,63.34,36.66,56.47,43.53
SANTA FE,30 a 34,67.77,32.23,64.21,35.79
SANTA FE,35 a 39,69.47,30.53,69.51,30.49
SANTA FE,40 a 44,70.26,29.74,71.27,28.73
SANTA FE,45 a 49,71.16,28.84,72.43,27.57
SANTA FE,50 a 54,72.17,27.83,72.86,27.14
SANTA FE,55 a 59,74.13,25.87,74.64,25.36
SANTA FE,60 a 64,83.24,16.76,83.07,16.93
SANTA FE,65 a 69,95.06,4.94,94.88,5.12
SANTA FE,70 a 74,97.74,2.26,98.05,1.95
SANTA FE,75 a 79,97.98,2.02,98.54,1.46
SANTA FE,80 a 84,98.2,1.8,98.61,1.39
SANTA FE,85 a 89,98.95,1.05,98.67,1.33
SANTA FE,90 a 94,98.02,1.98,96.96,3.04
SANTA FE,95 a 99,98.29,1.71,92.36,7.64
SANTA FE,100 y más,96.08,3.92,91.9,8.1
SANTIAGO DEL ESTERO,0 a 4,31.92,68.08,28.45,71.55
SANTIAGO DEL ESTERO,5 a 9,37.91,62.09,33.51,66.49
SANTIAGO DEL ESTERO,10 a 14,38.32,61.68,35.87,64.13
SANTIAGO DEL ESTERO,15 a 19,38.44,61.56,33.35,66.65
SANTIAGO DEL ESTERO,20 a 24,28.32,71.68,22.77,77.23
SANTIAGO DEL ESTERO,25 a 29,30.28,69.72,26.55,73.45
SANTIAGO DEL ESTERO,30 a 34,39.56,60.44,37.62,62.38
SANTIAGO DEL ESTERO,35 a 39,43.67,56.33,43.8,56.2
SANTIAGO DEL ESTERO,40 a 44,47.75,52.25,49.27,50.73
SANTIAGO DEL ESTERO,45 a 49,52.96,47.04,52.43,47.57
SANTIAGO DEL ESTERO,50 a 54,55.91,44.09,56.8,43.2
SANTIAGO DEL ESTERO,55 a 59,57.82,42.18,61.07,38.93
SANTIAGO DEL ESTERO,60 a 64,67.89,32.11,69.82,30.18
SANTIAGO DEL ESTERO,65 a 69,86.98,13.02,89.08,10.92
SANTIAGO DEL ESTERO,70 a 74,92.36,7.64,95.78,4.22
SANTIAGO DEL ESTERO,75 a 79,92.39,7.61,96.72,3.28
SANTIAGO DEL ESTERO,80 a 84,93.57,6.43,97.31,2.69
SANTIAGO DEL ESTERO,85 a 89,93.23,6.77,97.02,2.98
SANTIAGO DEL ESTERO,90 a 94,92.96,7.04,95.01,4.99
SANTIAGO DEL ESTERO,95 a 99,89.9,10.1,89.81,10.19
SANTIAGO DEL ESTERO,100 y más,86.36,13.64,90.38,9.62
TIERRA DEL FUEGO,0 a 4,84.89,15.11,88.53,11.47
TIERRA DEL FUEGO,5 a 9,79.76,20.24,90.42,9.58
TIERRA DEL FUEGO,10 a 14,78.91,21.09,90.05,9.95
TIERRA DEL FUEGO,15 a 19,76.64,23.36,85.47,14.53
TIERRA DEL FUEGO,20 a 24,68.61,31.39,67.14,32.86
TIERRA DEL FUEGO,25 a 29,72.65,27.35,72.24,27.76
TIERRA DEL FUEGO,30 a 34,78.09,21.91,80.46,19.54
TIERRA DEL FUEGO,35 a 39,81.46,18.54,84.42,15.58
TIERRA DEL FUEGO,40 a 44,79.81,20.19,85.48,14.52
TIERRA DEL FUEGO,45 a 49,81.83,18.17,85.86,14.14
TIERRA DEL FUEGO,50 a 54,77.62,22.38,87.51,12.49
TIERRA DEL FUEGO,55 a 59,82.18,17.82,88.23,11.77
TIERRA DEL FUEGO,60 a 64,83.83,16.17,90.5,9.5
TIERRA DEL FUEGO,65 a 69,86.34,13.66,95.88,4.12
TIERRA DEL FUEGO,70 a 74,91.64,8.36,98.98,1.02
TIERRA DEL FUEGO,75 a 79,97.87,2.13,98.89,1.11
TIERRA DEL FUEGO,80 a 84,95.88,4.12,96.85,3.15
TIERRA DEL FUEGO,85 a 89,96.31,3.69,96.93,3.07
TIERRA DEL FUEGO,90 a 94,91.04,8.96,97.05,2.95
TIERRA DEL FUEGO,95 a 99,50.0,50.0,91.3,8.7
TIERRA DEL FUEGO,100 y más,100.0,0.0,100.0,0.0
TUCUMÁN,0 a 4,55.54,44.46,52.63,47.37
TUCUMÁN,5 a 9,57.16,42.84,58.72,41.28
TUCUMÁN,10 a 14,57.8,42.2,63.74,36.26
TUCUMÁN,15 a 19,59.08,40.92,63.26,36.74
TUCUMÁN,20 a 24,52.29,47.71,51.29,48.71
TUCUMÁN,25 a 29,55.55,44.45,51.74,48.26
TUCUMÁN,30 a 34,60.12,39.88,57.69,42.31
TUCUMÁN,35 a 39,63.34,36.66,64.16,35.84
TUCUMÁN,40 a 44,65.98,34.02,68.06,31.94
TUCUMÁN,45 a 49,68.38,31.62,69.33,30.67
TUCUMÁN,50 a 54,69.98,30.02,70.88,29.12
TUCUMÁN,55 a 59,71.38,28.62,73.81,26.19
TUCUMÁN,60 a 64,78.21,21.79,80.73,19.27
TUCUMÁN,65 a 69,91.97,8.03,92.86,7.14
TUCUMÁN,70 a 74,95.43,4.57,96.84,3.16
TUCUMÁN,75 a 79,94.64,5.36,97.35,2.65
TUCUMÁN,80 a 84,95.82,4.18,97.62,2.38
TUCUMÁN,85 a 89,96.08,3.92,97.7,2.3
TUCUMÁN,90 a 94,96.11,3.89,95.04,4.96
TUCUMÁN,95 a 99,95.8,4.2,90.04,9.96
TUCUMÁN,100 y más,93.55,6.45,87.12,12.88
