provincia,cantidad_establecimientos_privados,cantidad_establecimientos_estatales,cant_total_establecimientos
BUENOS AIRES,5977,3764,9773
CABA,1524,228,1761
CATAMARCA,172,392,566
CHACO,489,477,975
CHUBUT,747,204,955
CORRIENTES,290,419,713
CÓRDOBA,2551,961,3515
ENTRE RÍOS,699,452,1158
FORMOSA,130,343,473
JUJUY,283,389,673
LA PAMPA,559,135,703
LA RIOJA,161,288,449
MENDOZA,1741,505,2263
MISIONES,371,561,953
NEUQUÉN,1007,280,1288
RÍO NEGRO,367,233,605
SALTA,521,593,1121
SAN JUAN,686,192,880
SAN LUIS,370,188,574
SANTA CRUZ,251,100,351
SANTA FE,1688,849,2548
SANTIAGO DEL ESTERO,199,653,866
TIERRA DEL FUEGO,381,60,446
TUCUMÁN,1946,429,2402
