provincia,grupo_etario,tasa_fecundidad_2010,tasa_fecundidad_2022
BUENOS AIRES,15 a 19,54.82,17.84
BUENOS AIRES,20 a 24,107.22,50.45
BUENOS AIRES,25 a 29,104.21,60.25
BUENOS AIRES,30 a 34,96.68,57.82
BUENOS AIRES,35 a 39,60.75,40.01
BUENOS AIRES,40 a 44,18.25,12.17
CABA,15 a 19,34.11,5.93
CABA,20 a 24,61.94,21.03
CABA,25 a 29,76.38,33.12
CABA,30 a 34,103.61,56.02
CABA,35 a 39,75.46,55.49
CABA,40 a 44,20.15,19.7
CATAMARCA,15 a 19,62.14,22.26
CATAMARCA,20 a 24,107.36,61.59
CATAMARCA,25 a 29,99.08,71.57
CATAMARCA,30 a 34,82.46,66.45
CATAMARCA,35 a 39,47.49,39.26
CATAMARCA,40 a 44,15.75,12.37
CHACO,15 a 19,89.08,48.53
CHACO,20 a 24,120.96,90.37
CHACO,25 a 29,107.35,96.61
CHACO,30 a 34,85.45,83.21
CHACO,35 a 39,46.75,49.76
CHACO,40 a 44,13.25,13.84
CHUBUT,15 a 19,71.78,14.45
CHUBUT,20 a 24,120.36,54.3
CHUBUT,25 a 29,120.64,64.4
CHUBUT,30 a 34,97.46,56.4
CHUBUT,35 a 39,51.26,36.41
CHUBUT,40 a 44,15.78,10.55
CORRIENTES,15 a 19,62.74,24.01
CORRIENTES,20 a 24,106.3,49.09
CORRIENTES,25 a 29,105.69,59.01
CORRIENTES,30 a 34,86.43,54.99
CORRIENTES,35 a 39,53.8,34.31
CORRIENTES,40 a 44,15.33,10.8
CÓRDOBA,15 a 19,64.91,23.03
CÓRDOBA,20 a 24,96.15,57.45
CÓRDOBA,25 a 29,103.67,72.09
CÓRDOBA,30 a 34,97.41,73.66
CÓRDOBA,35 a 39,56.75,49.96
CÓRDOBA,40 a 44,15.0,13.43
ENTRE RÍOS,15 a 19,73.08,25.15
ENTRE RÍOS,20 a 24,109.9,63.12
ENTRE RÍOS,25 a 29,113.84,69.93
ENTRE RÍOS,30 a 34,101.09,67.98
ENTRE RÍOS,35 a 39,54.64,44.47
ENTRE RÍOS,40 a 44,14.23,12.11
FORMOSA,15 a 19,79.36,35.92
FORMOSA,20 a 24,148.49,75.71
FORMOSA,25 a 29,126.53,69.2
FORMOSA,30 a 34,98.96,50.91
FORMOSA,35 a 39,51.76,30.0
FORMOSA,40 a 44,15.16,10.29
JUJUY,15 a 19,67.18,17.55
JUJUY,20 a 24,126.04,50.5
JUJUY,25 a 29,112.46,64.83
JUJUY,30 a 34,95.55,64.7
JUJUY,35 a 39,56.55,38.55
JUJUY,40 a 44,19.79,12.74
LA PAMPA,15 a 19,66.89,19.27
LA PAMPA,20 a 24,111.64,60.75
LA PAMPA,25 a 29,109.65,69.1
LA PAMPA,30 a 34,90.76,63.95
LA PAMPA,35 a 39,49.4,38.58
LA PAMPA,40 a 44,11.01,11.94
LA RIOJA,15 a 19,59.33,20.21
LA RIOJA,20 a 24,104.38,55.3
LA RIOJA,25 a 29,99.08,76.28
LA RIOJA,30 a 34,79.61,64.34
LA RIOJA,35 a 39,51.59,38.93
LA RIOJA,40 a 44,14.65,13.61
MENDOZA,15 a 19,65.43,19.84
MENDOZA,20 a 24,116.65,60.92
MENDOZA,25 a 29,123.85,76.15
MENDOZA,30 a 34,107.98,68.98
MENDOZA,35 a 39,63.65,44.2
MENDOZA,40 a 44,17.01,12.55
MISIONES,15 a 19,69.27,45.94
MISIONES,20 a 24,113.34,91.76
MISIONES,25 a 29,104.49,111.84
MISIONES,30 a 34,80.38,84.48
MISIONES,35 a 39,45.55,43.92
MISIONES,40 a 44,15.08,11.27
NEUQUÉN,15 a 19,71.08,17.22
NEUQUÉN,20 a 24,131.83,60.02
NEUQUÉN,25 a 29,131.06,70.71
NEUQUÉN,30 a 34,107.53,63.58
NEUQUÉN,35 a 39,61.71,41.25
NEUQUÉN,40 a 44,18.24,10.79
RÍO NEGRO,15 a 19,67.47,16.72
RÍO NEGRO,20 a 24,116.97,56.02
RÍO NEGRO,25 a 29,114.89,69.75
RÍO NEGRO,30 a 34,96.45,58.99
RÍO NEGRO,35 a 39,59.25,41.04
RÍO NEGRO,40 a 44,12.79,10.63
SALTA,15 a 19,69.77,33.21
SALTA,20 a 24,134.77,71.11
SALTA,25 a 29,129.33,80.51
SALTA,30 a 34,112.78,73.03
SALTA,35 a 39,67.01,46.0
SALTA,40 a 44,22.6,14.99
SAN JUAN,15 a 19,72.03,30.23
SAN JUAN,20 a 24,133.63,80.99
SAN JUAN,25 a 29,149.93,90.35
SAN JUAN,30 a 34,112.59,73.99
SAN JUAN,35 a 39,63.23,43.69
SAN JUAN,40 a 44,17.35,12.64
SAN LUIS,15 a 19,70.37,19.14
SAN LUIS,20 a 24,107.72,60.22
SAN LUIS,25 a 29,106.96,67.78
SAN LUIS,30 a 34,90.5,58.6
SAN LUIS,35 a 39,44.59,35.0
SAN LUIS,40 a 44,14.91,10.35
SANTA CRUZ,15 a 19,74.08,17.94
SANTA CRUZ,20 a 24,141.43,57.79
SANTA CRUZ,25 a 29,123.02,72.16
SANTA CRUZ,30 a 34,92.91,61.24
SANTA CRUZ,35 a 39,54.91,34.4
SANTA CRUZ,40 a 44,14.77,9.41
SANTA FE,15 a 19,64.84,30.19
SANTA FE,20 a 24,88.78,70.21
SANTA FE,25 a 29,93.77,75.67
SANTA FE,30 a 34,95.25,73.9
SANTA FE,35 a 39,54.34,48.0
SANTA FE,40 a 44,12.72,14.49
SANTIAGO DEL ESTERO,15 a 19,75.95,24.51
SANTIAGO DEL ESTERO,20 a 24,131.28,64.11
SANTIAGO DEL ESTERO,25 a 29,120.46,70.49
SANTIAGO DEL ESTERO,30 a 34,91.94,63.91
SANTIAGO DEL ESTERO,35 a 39,57.38,38.46
SANTIAGO DEL ESTERO,40 a 44,15.18,11.83
TIERRA DEL FUEGO,15 a 19,53.27,9.85
TIERRA DEL FUEGO,20 a 24,121.79,36.14
TIERRA DEL FUEGO,25 a 29,117.04,52.66
TIERRA DEL FUEGO,30 a 34,116.49,50.04
TIERRA DEL FUEGO,35 a 39,51.03,35.34
TIERRA DEL FUEGO,40 a 44,15.82,6.23
TUCUMÁN,15 a 19,70.22,23.51
TUCUMÁN,20 a 24,118.57,65.79
TUCUMÁN,25 a 29,117.04,79.71
TUCUMÁN,30 a 34,106.47,71.91
TUCUMÁN,35 a 39,60.49,44.68
TUCUMÁN,40 a 44,17.62,13.1
