id,nombre,provincia_id
0,COMUNA 1,2
1,COMUNA 1,2
2,COMUNA 2,2
3,COMUNA 3,2
4,COMUNA 4,2
5,COMUNA 5,2
6,COMUNA 6,2
7,BELLA VISTA,18
7,BELGRANO,82
7,BIEDMA,26
7,ANTA,66
7,ALUMINÉ,58
7,AGUIRRE,86
7,CALAMUCHITA,14
7,ALBARDÓN,70
7,CAPITAL,50
7,APÓSTOLES,54
7,COCHINOCA,38
7,RÍO GRANDE,94
7,ATREUCÓ,42
7,AMBATO,10
7,ARAUCO,46
7,ADOLFO ALSINA,62
7,AYACUCHO,74
7,BURRUYACÚ,90
7,ALMIRANTE BROWN,22
7,ADOLFO ALSINA,6
7,COMUNA 7,2
7,CORPEN AIKE,78
7,BERMEJO,34
8,COLÓN,30
8,COMUNA 8,2
9,COMUNA 9,2
10,COMUNA 10,2
11,COMUNA 11,2
12,COMUNA 12,2
13,COMUNA 13,2
14,CASEROS,82
14,EL CARMEN,38
14,FORMOSA,34
14,ADOLFO GONZALES CHAVES,6
14,CRUZ ALTA,90
14,CAINGUÁS,54
14,CUSHAMEN,26
14,BERÓN DE ASTRADA,18
14,ALBERDI,86
14,CALEU CALEU,42
14,BERMEJO,22
14,CAPITAL,46
14,AVELLANEDA,62
14,BELGRANO,74
14,USHUAIA,94
14,COMUNA 14,2
14,AÑELO,58
14,CACHI,66
14,ANCASTI,10
14,GENERAL ALVEAR,50
14,DESEADO,78
14,ANGACO,70
14,CAPITAL,14
15,COMUNA 15,2
15,CONCORDIA,30
21,CATÁN LIL,58
21,CANDELARIA,54
21,CASTRO BARROS,46
21,DIAMANTE,30
21,ATAMISQUI,86
21,DR. MANUEL BELGRANO,38
21,BARILOCHE,62
21,ESCALANTE,26
21,CALINGASTA,70
21,GÜER AIKE,78
21,LAISHI,34
21,CASTELLANOS,82
21,COMANDANTE FERNÁNDEZ,22
21,CAPITAL,42
21,COLÓN,14
21,ALBERTI,6
21,CAFAYATE,66
21,ANDALGALÁ,10
21,GODOY CRUZ,50
21,CHICLIGASTA,90
21,CAPITAL,18
21,CORONEL PRINGLES,74
28,CAPITAL,54
28,MATACOS,34
28,FLORENTINO AMEGHINO,26
28,COLLÓN CURÁ,58
28,CHACABUCO,22
28,CRUZ DEL EJE,14
28,CONCEPCIÓN,18
28,FAMAILLÁ,90
28,AVELLANEDA,86
28,CATRILÓ,42
28,ANTOFAGASTA DE LA SIERRA,10
28,GUAYMALLÉN,50
28,CAPITAL,66
28,LAGO ARGENTINO,78
28,CORONEL FELIPE VARELA,46
28,HUMAHUACA,38
28,CONESA,62
28,CONSTITUCIÓN,82
28,ALMIRANTE BROWN,6
28,CAPITAL,70
28,FEDERACIÓN,30
28,CHACABUCO,74
35,CAUCETE,70
35,CONFLUENCIA,58
35,CERRILLOS ,66
35,CHAMICAL ,46
35,FUTALEUFÚ,26
35,FEDERAL,30
35,LEDESMA,38
35,JUNÍN,50
35,GENERAL PEDERNERA,74
35,GRANEROS,90
35,PATIÑO,34
35,EL CUY,62
35,CONCEPCIÓN ,54
35,CURUZÚ CUATIÁ,18
35,AVELLANEDA,6
35,GARAY,82
35,CONHELO,42
35,GENERAL ROCA,14
35,LAGO BUENOS AIRES,78
35,BANDA,86
35,BELÉN,10
36,12 DE OCTUBRE,22
39,2 DE ABRIL,22
42,PILAGÁS,34
42,JUAN BAUTISTA ALBERDI,90
42,GENERAL ROCA,62
42,BELGRANO,86
42,MAGALLANES,78
42,CHICOANA,66
42,FELICIANO,30
42,CHOS MALAL,58
42,LA PAZ ,50
42,EMPEDRADO,18
42,AYACUCHO,6
42,GENERAL SAN MARTÍN,14
42,CURACÓ,42
42,PALPALÁ ,38
42,CAPAYÁN,10
42,CHILECITO ,46
42,GOBERNADOR DUPUY,74
42,ELDORADO,54
42,CHIMBAS,70
42,GAIMAN,26
42,GENERAL LÓPEZ,82
43,FRAY JUSTO SANTA MARÍA DE ORO,22
49,GENERAL GÜEMES,66
49,LAS HERAS,50
49,9 DE JULIO,62
49,LA COCHA,90
49,RÍO CHICO,78
49,ISCHILÍN,14
49,GASTRE,26
49,AZUL,6
49,PILCOMAYO,34
49,GENERAL BELGRANO,22
49,GUALEGUAY,30
49,FAMATINA ,46
49,GENERAL OBLIGADO,82
49,HUILICHES,58
49,CHALILEO,42
49,GENERAL MANUEL BELGRANO,54
49,JUNÍN,74
49,ESQUINA,18
49,CAPITAL,86
49,CAPITAL,10
49,RINCONADA,38
49,IGLESIA,70
56,COPO,86
56,BAHÍA BLANCA,6
56,EL ALTO,10
56,GUALEGUAYCHÚ,30
56,LÁCAR,58
56,PIRANÉ,34
56,CHAPALEUFÚ,42
56,GENERAL DONOVAN,22
56,LANGUIÑEO,26
56,GUARANÍ,54
56,GRL. JOSÉ DE SAN MARTÍN,66
56,LEALES,90
56,SAN ANTONIO,38
56,LAVALLE,50
56,JUÁREZ CELMAN,14
56,GENERAL ANGEL V. PEÑALOZA,46
56,IRIONDO,82
56,LA CAPITAL,74
56,JÁCHAL,70
56,ÑORQUINCÓ,62
56,GENERAL ALVEAR,18
58,QUILMES,6
63,LA CAPITAL,82
63,GENERAL BELGRANO,46
63,LUJÁN DE CUYO,50
63,LULES,90
63,ISLAS DEL IBICUY,30
63,GENERAL PAZ,18
63,GUACHIPAS,66
63,LONCOPUÉ,58
63,9 DE JULIO,70
63,GENERAL GÜEMES,22
63,RAMÓN LISTA,34
63,SAN PEDRO,38
63,CHICAL CO,42
63,MÁRTIRES,26
63,CHOYA,86
63,MARCOS JUÁREZ,14
63,BALCARCE,6
63,IGUAZÚ,54
63,LIBERTADOR GENERAL SAN MARTÍN,74
63,PICHI MAHUIDA,62
63,FRAY MAMERTO ESQUIÚ,10
70,LEANDRO N. ALEM,54
70,MINAS,14
70,GUATRACHÉ,42
70,FIGUEROA,86
70,LA PAZ,10
70,MAIPÚ,50
70,LA PAZ,30
70,IRUYA,66
70,POCITO,70
70,BARADERO,6
70,PASO DE INDIOS,26
70,INDEPENDENCIA,22
70,GOYA,18
70,GENERAL JUAN F. QUIROGA,46
70,SANTA BÁRBARA,38
70,PILCANIYEU,62
70,LOS LAGOS,58
70,LAS COLONIAS,82
70,MONTEROS,90
77,LA CALDERA,66
77,RAWSON,70
77,9 DE JULIO,82
77,SAN ANTONIO,62
77,GENERAL LAMADRID,46
77,GENERAL TABOADA,86
77,MINAS,58
77,LIBERTADOR GRL. SAN MARTÍN,54
77,PACLÍN,10
77,ITATÍ,18
77,RÍO CHICO,90
77,MALARGÜE,50
77,NOGOYÁ,30
77,LIBERTAD,22
77,POCHO,14
77,HUCAL,42
77,ARRECIFES,6
77,SANTA CATALINA,38
77,RAWSON,26
84,CAPITAL,90
84,LA CANDELARIA,66
84,PRESIDENTE ROQUE SÁENZ PEÑA,14
84,ÑORQUÍN,58
84,GENERAL OCAMPO,46
84,PARANÁ,30
84,ROSARIO,82
84,LIHUEL CALEL,42
84,RÍO SENGUER,26
84,RIVADAVIA,50
84,ITUZAINGÓ,18
84,LIBERTADOR GENERAL SAN MARTÍN,22
84,GUASAYÁN,86
84,RIVADAVIA,70
84,VALCHETA,62
84,MONTECARLO,54
84,BENITO JUÁREZ,6
84,SUSQUES,38
84,POMÁN,10
88,SAN SALVADOR,30
91,BERAZATEGUI,6
91,SIMOCA,90
91,MAIPÚ,22
91,SAN CARLOS,50
91,SAN CRISTÓBAL,82
91,SARMIENTO ,26
91,LA POMA,66
91,GENERAL SAN MARTÍN,46
91,SANTA MARÍA,10
91,PEHUENCHES,58
91,LIMAY MAHUIDA,42
91,LAVALLE,18
91,OBERÁ,54
91,SAN MARTÍN,70
91,TALA,30
91,25 DE MAYO,62
91,PUNILLA,14
91,JIMÉNEZ,86
94,TILCARA,38
98,SAN JAVIER,82
98,VINCHINA,46
98,MAYOR LUIS J. FONTANA,22
98,TAFÍ DEL VALLE,90
98,TUMBAYA,38
98,BERISSO,6
98,RÍO CUARTO,14
98,LOVENTUÉ,42
98,SANTA ROSA,10
98,TEHUELCHES,26
98,SAN IGNACIO,54
98,JUAN F. IBARRA,86
98,URUGUAY,30
98,SAN MARTÍN,50
98,MBURUCUYÁ,18
98,SANTA LUCÍA,70
98,PICÚN LEUFÚ,58
98,LA VIÑA,66
105,SAN JAVIER,54
105,SAN JERÓNIMO,82
105,SAN RAFAEL,50
105,TINOGASTA,10
105,SARMIENTO,70
105,MARACÓ,42
105,MERCEDES,18
105,9 DE JULIO,22
105,LORETO,86
105,BOLÍVAR,6
105,TELSEN,26
105,LOS ANDES,66
105,TAFÍ VIEJO,90
105,VALLE GRANDE,38
105,VICTORIA,30
105,PICUNCHES,58
105,INDEPENDENCIA,46
105,RÍO PRIMERO,14
112,MITRE,86
112,ULLÚM,70
112,O'HIGGINS,22
112,PUELÉN,42
112,RÍO SECO,14
112,ZAPALA ,58
112,YAVI,38
112,SANTA ROSA,50
112,METÁN,66
112,ROSARIO VERA PEÑALOZA,46
112,MONTE CASEROS,18
112,BRAGADO,6
112,SAN JUSTO,82
112,VALLE VIEJO,10
112,TRANCAS,90
112,SAN PEDRO,54
113,VILLAGUAY,30
113,ZAPALA ,58
119,SAN BLAS DE LOS SAUCES,46
119,PRESIDENCIA DE LA PLAZA,22
119,BRANDSEN,6
119,25 DE MAYO,54
119,QUEMÚ QUEMÚ,42
119,YERBA BUENA,90
119,MOLINOS,66
119,PASO DE LOS LIBRES,18
119,VALLE FÉRTIL,70
119,SAN LORENZO,82
119,MORENO,86
119,TUNUYÁN,50
119,RÍO SEGUNDO,14
126,25 DE MAYO,70
126,SAN ALBERTO,14
126,SALADAS,18
126,CAMPANA,6
126,OJO DE AGUA,86
126,1º DE MAYO,22
126,TUPUNGATO,50
126,SAN MARTÍN,82
126,RANCUL,42
126,SANAGASTA,46
126,ORÁN,66
133,VERA,82
133,QUITILIPI,22
133,RIVADAVIA,66
133,SAN COSME,18
133,PELLEGRINI,86
133,ZONDA,70
133,REALICÓ,42
133,SAN JAVIER,14
134,CAÑUELAS,6
140,CAPITÁN SARMIENTO,6
140,SAN LUIS DEL PALMAR,18
140,QUEBRACHOS,86
140,ROSARIO DE LA FRONTERA,66
140,SAN JUSTO,14
140,SAN FERNANDO,22
140,TOAY,42
147,ROSARIO DE LERMA,66
147,SANTA MARÍA,14
147,SAN LORENZO,22
147,CARLOS CASARES,6
147,TRENEL,42
147,SAN MARTÍN,18
147,RÍO HONDO,86
154,SAN CARLOS,66
154,SARGENTO CABRAL,22
154,UTRACÁN,42
154,RIVADAVIA,86
154,SOBREMONTE,14
154,SAN MIGUEL,18
154,CARLOS TEJEDOR,6
161,SAN ROQUE,18
161,SANTA VICTORIA,66
161,CARMEN DE ARECO,6
161,TAPENAGÁ,22
161,TERCERO ARRIBA,14
161,ROBLES,86
168,25 DE MAYO,22
168,SALAVINA,86
168,SANTO TOMÉ,18
168,CASTELLI,6
168,TOTORAL,14
175,COLÓN,6
175,TULUMBA,14
175,SAUCE,18
175,SAN MARTÍN,86
182,CORONEL DE MARINA L. ROSALES,6
182,UNIÓN,14
182,SARMIENTO,86
189,SILÍPICA,86
189,CORONEL DORREGO,6
196,CORONEL PRINGLES,6
203,CORONEL SUÁREZ,6
210,CHACABUCO,6
217,CHASCOMÚS,6
224,CHIVILCOY,6
231,DAIREAUX,6
238,DOLORES,6
245,ENSENADA,6
252,ESCOBAR,6
260,ESTEBAN ECHEVERRÍA,6
266,EXALTACIÓN DE LA CRUZ,6
270,EZEIZA,6
274,FLORENCIO VARELA,6
277,FLORENTINO AMEGHINO,6
280,GENERAL ALVARADO,6
287,GENERAL ALVEAR,6
294,GENERAL ARENALES,6
301,GENERAL BELGRANO,6
308,GENERAL GUIDO,6
315,GENERAL JUAN MADARIAGA,6
322,GENERAL LA MADRID,6
329,GENERAL LAS HERAS,6
336,GENERAL LAVALLE,6
343,GENERAL PAZ,6
351,GENERAL PINTO,6
357,GENERAL PUEYRREDÓN,6
364,GENERAL RODRÍGUEZ,6
371,GENERAL SAN MARTÍN,6
385,GENERAL VIAMONTE,6
392,GENERAL VILLEGAS,6
399,GUAMINÍ,6
406,HIPÓLITO YRIGOYEN,6
408,HURLINGHAM,6
410,ITUZAINGÓ,6
412,JOSÉ C. PAZ,6
413,JUNÍN,6
420,LA COSTA,6
427,LA MATANZA,6
434,LANÚS,6
441,LA PLATA,6
448,LAPRIDA,6
455,LAS FLORES,6
462,LEANDRO N. ALEM,6
466,LEZAMA,6
469,LINCOLN,6
476,LOBERÍA,6
483,LOBOS,6
490,LOMAS DE ZAMORA,6
497,LUJÁN,6
505,MAGDALENA,6
511,MAIPÚ,6
515,MALVINAS ARGENTINAS,6
518,MAR CHIQUITA,6
525,MARCOS PAZ,6
532,MERCEDES,6
539,MERLO,6
547,MONTE,6
553,MONTE HERMOSO,6
560,MORENO,6
568,MORÓN,6
574,NAVARRO,6
581,NECOCHEA,6
588,9 DE JULIO,6
595,OLAVARRÍA,6
602,PATAGONES,6
609,PEHUAJÓ,6
616,PELLEGRINI,6
623,PERGAMINO,6
630,PILA,6
638,PILAR,6
644,PINAMAR ,6
648,PRESIDENTE PERÓN,6
651,PUÁN,6
655,PUNTA INDIO,6
658,QUILMES,6
665,RAMALLO,6
672,RAUCH,6
679,RIVADAVIA,6
686,ROJAS,6
693,ROQUE PÉREZ,6
700,SAAVEDRA,6
707,SALADILLO,6
714,SALTO,6
721,SALLIQUELÓ,6
728,SAN ANDRÉS DE GILES,6
735,SAN ANTONIO DE ARECO,6
742,SAN CAYETANO,6
749,SAN FERNANDO,6
756,SAN ISIDRO,6
760,SAN MIGUEL,6
763,SAN NICOLÁS,6
770,SAN PEDRO,6
778,SAN VICENTE,6
784,SUIPACHA,6
791,TANDIL,6
798,TAPALQUÉ,6
805,TIGRE,6
812,TORDILLO,6
819,TORNQUIST,6
826,TRENQUE LAUQUEN,6
833,TRES ARROYOS,6
840,TRES DE FEBRERO,6
847,TRES LOMAS ,6
854,25 DE MAYO,6
861,VICENTE LÓPEZ,6
868,VILLA GESELL ,6
875,VILLARINO,6
882,ZÁRATE ,6
